,Horas,Control,3.9e1,3.9e2,3.9e3,3.9e4,3.9e5
1,15.54,1,,,,,
2,90.54,0,,,,,
3,90.54,0,,,,,
4,90.54,0,,,,,
5,90.54,0,,,,,
6,90.54,0,,,,,
7,90.54,0,,,,,
8,90.54,0,,,,,
9,90.54,0,,,,,
10,90.54,0,,,,,
11,90.54,0,,,,,
12,90.54,0,,,,,
13,90.54,0,,,,,
14,90.54,0,,,,,
15,90.54,0,,,,,
16,90.54,0,,,,,
17,90.54,0,,,,,
18,90.54,0,,,,,
19,90.54,0,,,,,
20,90.54,0,,,,,
21,90.54,0,,,,,
22,90.54,0,,,,,
23,90.54,0,,,,,
24,90.54,0,,,,,
25,90.54,0,,,,,
26,90.54,0,,,,,
27,90.54,0,,,,,
28,90.54,0,,,,,
1,15.54,1,,,,,
2,25.54,1,,,,,
3,52.54,1,,,,,
4,90.54,0,,,,,
5,90.54,0,,,,,
6,90.54,0,,,,,
7,90.54,0,,,,,
8,90.54,0,,,,,
9,90.54,0,,,,,
10,90.54,0,,,,,
11,90.54,0,,,,,
12,90.54,0,,,,,
13,90.54,0,,,,,
14,90.54,0,,,,,
15,90.54,0,,,,,
16,90.54,0,,,,,
17,90.54,0,,,,,
18,90.54,0,,,,,
19,90.54,0,,,,,
20,90.54,0,,,,,
21,90.54,0,,,,,
22,90.54,0,,,,,
23,90.54,0,,,,,
24,90.54,0,,,,,
25,90.54,0,,,,,
26,90.54,0,,,,,
27,90.54,0,,,,,
28,90.54,0,,,,,
1,15.54,1,,,,,
2,21.24,1,,,,,
3,21.24,1,,,,,
4,52.54,1,,,,,
5,67.54,1,,,,,
6,67.54,1,,,,,
7,67.54,1,,,,,
8,73.24,1,,,,,
9,90.54,0,,,,,
10,90.54,0,,,,,
11,90.54,0,,,,,
12,90.54,0,,,,,
13,90.54,0,,,,,
14,90.54,0,,,,,
15,90.54,0,,,,,
16,90.54,0,,,,,
17,90.54,0,,,,,
18,90.54,0,,,,,
19,90.54,0,,,,,
20,90.54,0,,,,,
21,90.54,0,,,,,
22,90.54,0,,,,,
23,90.54,0,,,,,
24,90.54,0,,,,,
25,90.54,0,,,,,
26,90.54,0,,,,,
27,90.54,0,,,,,
28,90.54,0,,,,,
1,33.8,1,,,,,
2,48.54,1,,,,,
3,48.54,1,,,,,
4,52.54,1,,,,,
5,90.54,1,,,,,
6,90.54,1,,,,,
7,90.54,1,,,,,
8,90.54,1,,,,,
9,90.54,1,,,,,
10,90.54,1,,,,,
11,90.54,0,,,,,
12,90.54,0,,,,,
13,90.54,0,,,,,
14,90.54,0,,,,,
15,90.54,0,,,,,
16,90.54,0,,,,,
17,90.54,0,,,,,
18,90.54,0,,,,,
19,90.54,0,,,,,
20,90.54,0,,,,,
21,90.54,0,,,,,
22,90.54,0,,,,,
23,90.54,0,,,,,
24,90.54,0,,,,,
25,90.54,0,,,,,
26,90.54,0,,,,,
27,90.54,0,,,,,
28,90.54,0,,,,,
1,2.52,,1,,,,
2,2.52,,1,,,,
3,17.3,,1,,,,
4,21.34,,1,,,,
5,48.52,,1,,,,
6,48.52,,1,,,,
7,48.52,,1,,,,
8,48.52,,1,,,,
9,48.52,,1,,,,
10,48.52,,1,,,,
11,90.54,,1,,,,
12,90.54,,1,,,,
13,90.54,,1,,,,
14,90.54,,0,,,,
15,90.54,,0,,,,
16,90.54,,0,,,,
17,90.54,,0,,,,
18,90.54,,0,,,,
19,90.54,,0,,,,
20,90.54,,0,,,,
21,90.54,,0,,,,
22,90.54,,0,,,,
23,90.54,,0,,,,
24,90.54,,0,,,,
25,90.54,,0,,,,
26,90.54,,0,,,,
27,90.54,,0,,,,
28,90.54,,0,,,,
1,17.3,,1,,,,
2,43.12,,1,,,,
3,52.57,,1,,,,
4,68.07,,1,,,,
5,68.07,,1,,,,
6,68.07,,1,,,,
7,90.54,,1,,,,
8,90.54,,1,,,,
9,90.54,,0,,,,
10,90.54,,0,,,,
11,90.54,,0,,,,
12,90.54,,0,,,,
13,90.54,,0,,,,
14,90.54,,0,,,,
15,90.54,,0,,,,
16,90.54,,0,,,,
17,90.54,,0,,,,
18,90.54,,0,,,,
19,90.54,,0,,,,
20,90.54,,0,,,,
21,90.54,,0,,,,
22,90.54,,0,,,,
23,90.54,,0,,,,
24,90.54,,0,,,,
25,90.54,,0,,,,
26,90.54,,0,,,,
27,90.54,,0,,,,
28,90.54,,0,,,,
29,90.54,,0,,,,
30,90.54,,0,,,,
31,90.54,,0,,,,
32,90.54,,0,,,,
33,90.54,,0,,,,
34,90.54,,0,,,,
1,2.52,,1,,,,
2,17.3,,1,,,,
3,17.3,,1,,,,
4,17.3,,1,,,,
5,19.22,,1,,,,
6,43.12,,1,,,,
7,43.12,,1,,,,
8,48.52,,1,,,,
9,48.52,,1,,,,
10,48.52,,1,,,,
11,90.54,,0,,,,
12,90.54,,0,,,,
13,90.54,,0,,,,
14,90.54,,0,,,,
15,90.54,,0,,,,
16,90.54,,0,,,,
17,90.54,,0,,,,
18,90.54,,0,,,,
19,90.54,,0,,,,
20,90.54,,0,,,,
21,90.54,,0,,,,
22,90.54,,0,,,,
23,90.54,,0,,,,
24,90.54,,0,,,,
25,90.54,,0,,,,
26,90.54,,0,,,,
27,90.54,,0,,,,
28,90.54,,0,,,,
29,90.54,,0,,,,
30,90.54,,0,,,,
1,45.46,,,1,,,
2,49.31,,,1,,,
3,49.31,,,1,,,
4,49.31,,,1,,,
5,49.31,,,1,,,
6,49.31,,,1,,,
7,90.54,,,0,,,
8,90.54,,,0,,,
9,90.54,,,0,,,
10,90.54,,,0,,,
11,90.54,,,0,,,
12,90.54,,,0,,,
13,90.54,,,0,,,
14,90.54,,,0,,,
15,90.54,,,0,,,
16,90.54,,,0,,,
17,90.54,,,0,,,
18,90.54,,,0,,,
19,90.54,,,0,,,
20,90.54,,,0,,,
21,90.54,,,0,,,
22,90.54,,,0,,,
23,90.54,,,0,,,
24,90.54,,,0,,,
25,90.54,,,0,,,
26,90.54,,,0,,,
27,90.54,,,0,,,
28,90.54,,,0,,,
1,2.51,,,1,,,
2,49.31,,,1,,,
3,73.21,,,1,,,
4,90.54,,,1,,,
5,90.54,,,1,,,
6,90.54,,,1,,,
7,90.54,,,1,,,
8,90.54,,,1,,,
9,90.54,,,1,,,
10,90.54,,,1,,,
11,90.54,,,0,,,
12,90.54,,,0,,,
13,90.54,,,0,,,
14,90.54,,,0,,,
15,90.54,,,0,,,
16,90.54,,,0,,,
17,90.54,,,0,,,
18,90.54,,,0,,,
19,90.54,,,0,,,
20,90.54,,,0,,,
21,90.54,,,0,,,
22,90.54,,,0,,,
23,90.54,,,0,,,
24,90.54,,,0,,,
25,90.54,,,0,,,
26,90.54,,,0,,,
1,14.51,,,1,,,
2,15.01,,,1,,,
3,43.26,,,1,,,
4,43.26,,,1,,,
5,45.46,,,1,,,
6,49.31,,,1,,,
7,49.31,,,1,,,
8,73.24,,,1,,,
9,90.54,,,1,,,
10,90.54,,,1,,,
11,90.54,,,1,,,
12,90.54,,,1,,,
13,90.54,,,1,,,
14,90.54,,,0,,,
15,90.54,,,0,,,
16,90.54,,,0,,,
17,90.54,,,0,,,
18,90.54,,,0,,,
19,90.54,,,0,,,
20,90.54,,,0,,,
21,90.54,,,0,,,
22,90.54,,,0,,,
23,90.54,,,0,,,
24,90.54,,,0,,,
25,90.54,,,0,,,
26,90.54,,,0,,,
27,90.54,,,0,,,
28,90.54,,,0,,,
1,2.51,,,1,,,
2,2.51,,,1,,,
3,48.54,,,1,,,
4,52.54,,,1,,,
5,90.54,,,1,,,
6,90.54,,,1,,,
7,90.54,,,1,,,
8,90.54,,,0,,,
9,90.54,,,0,,,
10,90.54,,,0,,,
11,90.54,,,0,,,
12,90.54,,,0,,,
13,90.54,,,0,,,
14,90.54,,,0,,,
15,90.54,,,0,,,
16,90.54,,,0,,,
17,90.54,,,0,,,
18,90.54,,,0,,,
19,90.54,,,0,,,
20,90.54,,,0,,,
21,90.54,,,0,,,
22,90.54,,,0,,,
1,2.5,,,,1,,
2,2.5,,,,1,,
3,43.4,,,,1,,
4,52.5,,,,1,,
5,90.54,,,,1,,
6,90.54,,,,1,,
7,90.54,,,,0,,
8,90.54,,,,0,,
9,90.54,,,,0,,
10,90.54,,,,0,,
11,90.54,,,,0,,
12,90.54,,,,0,,
13,90.54,,,,0,,
14,90.54,,,,0,,
15,90.54,,,,0,,
16,90.54,,,,0,,
17,90.54,,,,0,,
18,90.54,,,,0,,
19,90.54,,,,0,,
20,90.54,,,,0,,
21,90.54,,,,0,,
22,90.54,,,,0,,
23,90.54,,,,0,,
24,90.54,,,,0,,
1,2.5,,,,1,,
2,2.5,,,,1,,
3,12.2,,,,1,,
4,12.2,,,,1,,
5,19.5,,,,1,,
6,19.5,,,,1,,
7,28.5,,,,0,,
8,43.4,,,,0,,
9,49.05,,,,0,,
10,90.54,,,,0,,
11,90.54,,,,0,,
12,90.54,,,,0,,
13,90.54,,,,0,,
14,90.54,,,,0,,
15,90.54,,,,0,,
16,90.54,,,,0,,
17,90.54,,,,0,,
18,90.54,,,,0,,
19,90.54,,,,0,,
20,90.54,,,,0,,
21,90.54,,,,0,,
1,2.5,,,,1,,
2,12.2,,,,1,,
3,43.4,,,,1,,
4,68.3,,,,1,,
5,68.3,,,,1,,
6,90.54,,,,1,,
7,90.54,,,,0,,
8,90.54,,,,0,,
9,90.54,,,,0,,
10,90.54,,,,0,,
11,90.54,,,,0,,
12,90.54,,,,0,,
13,90.54,,,,0,,
14,90.54,,,,0,,
15,90.54,,,,0,,
16,90.54,,,,0,,
17,90.54,,,,0,,
18,90.54,,,,0,,
19,90.54,,,,0,,
20,90.54,,,,0,,
21,90.54,,,,0,,
22,90.54,,,,0,,
23,90.54,,,,0,,
24,90.54,,,,0,,
25,90.54,,,,0,,
26,90.54,,,,0,,
27,90.54,,,,0,,
1,2.5,,,,1,,
2,2.5,,,,1,,
3,12.2,,,,1,,
4,12.2,,,,1,,
5,12.2,,,,1,,
6,12.2,,,,1,,
7,45.4,,,,1,,
8,45.4,,,,1,,
9,90.54,,,,1,,
10,90.54,,,,1,,
11,90.54,,,,1,,
12,90.54,,,,1,,
13,90.54,,,,0,,
14,90.54,,,,0,,
15,90.54,,,,0,,
16,90.54,,,,0,,
17,90.54,,,,0,,
18,90.54,,,,0,,
19,90.54,,,,0,,
20,90.54,,,,0,,
21,90.54,,,,0,,
22,90.54,,,,0,,
23,90.54,,,,0,,
24,90.54,,,,0,,
25,90.54,,,,0,,
1,11.38,,,,,1,
2,11.38,,,,,1,
3,43.53,,,,,1,
4,49.08,,,,,1,
5,49.08,,,,,1,
6,90.54,,,,,1,
7,90.54,,,,,1,
8,90.54,,,,,1,
9,90.54,,,,,1,
10,90.54,,,,,1,
11,90.54,,,,,0,
12,90.54,,,,,0,
13,90.54,,,,,0,
14,90.54,,,,,0,
15,90.54,,,,,0,
16,90.54,,,,,0,
17,90.54,,,,,0,
18,90.54,,,,,0,
19,90.54,,,,,0,
20,90.54,,,,,0,
21,90.54,,,,,0,
22,90.54,,,,,0,
23,90.54,,,,,0,
24,90.54,,,,,0,
25,90.54,,,,,0,
26,90.54,,,,,0,
27,90.54,,,,,0,
28,90.54,,,,,0,
1,2.48,,,,,1,
2,2.48,,,,,1,
3,11.38,,,,,1,
4,11.38,,,,,1,
5,11.48,,,,,1,
6,11.48,,,,,1,
7,90.54,,,,,1,
8,90.54,,,,,0,
9,90.54,,,,,0,
10,90.54,,,,,0,
11,90.54,,,,,0,
12,90.54,,,,,0,
13,90.54,,,,,0,
14,90.54,,,,,0,
15,90.54,,,,,0,
16,90.54,,,,,0,
17,90.54,,,,,0,
18,90.54,,,,,0,
19,90.54,,,,,0,
20,90.54,,,,,0,
21,90.54,,,,,0,
22,90.54,,,,,0,
23,90.54,,,,,0,
24,90.54,,,,,0,
25,90.54,,,,,0,
26,90.54,,,,,0,
27,90.54,,,,,0,
28,90.54,,,,,0,
1,2.48,,,,,1,
2,11.38,,,,,1,
3,11.48,,,,,1,
4,11.48,,,,,1,
5,11.48,,,,,1,
6,45.36,,,,,1,
7,45.36,,,,,1,
8,86.39,,,,,1,
9,88.18,,,,,1,
10,89.58,,,,,1,
11,90.54,,,,,1,
12,90.54,,,,,1,
13,90.54,,,,,0,
14,90.54,,,,,0,
15,90.54,,,,,0,
16,90.54,,,,,0,
17,90.54,,,,,0,
18,90.54,,,,,0,
19,90.54,,,,,0,
20,90.54,,,,,0,
21,90.54,,,,,0,
22,90.54,,,,,0,
23,90.54,,,,,0,
24,90.54,,,,,0,
25,90.54,,,,,0,
26,90.54,,,,,0,
27,90.54,,,,,0,
28,90.54,,,,,0,
29,90.54,,,,,0,
30,90.54,,,,,0,
1,11.48,,,,,1,
2,11.48,,,,,1,
3,11.48,,,,,1,
4,35.5,,,,,1,
5,43.53,,,,,1,
6,43.53,,,,,1,
7,49.08,,,,,1,
8,49.08,,,,,1,
9,90.54,,,,,1,
10,90.54,,,,,1,
11,90.54,,,,,1,
12,90.54,,,,,1,
13,90.54,,,,,1,
14,90.54,,,,,1,
15,90.54,,,,,1,
16,90.54,,,,,1,
17,90.54,,,,,0,
18,90.54,,,,,0,
19,90.54,,,,,0,
20,90.54,,,,,0,
21,90.54,,,,,0,
22,90.54,,,,,0,
23,90.54,,,,,0,
24,90.54,,,,,0,
25,90.54,,,,,0,
26,90.54,,,,,0,
27,90.54,,,,,0,
1,3.16,,,,,,1
2,3.16,,,,,,1
3,4.46,,,,,,1
4,4.46,,,,,,1
5,10.06,,,,,,1
6,10.06,,,,,,1
7,10.06,,,,,,1
8,10.06,,,,,,1
9,10.06,,,,,,1
10,10.06,,,,,,1
11,10.06,,,,,,1
12,10.06,,,,,,1
13,10.06,,,,,,1
14,10.06,,,,,,1
15,12.36,,,,,,1
16,12.36,,,,,,1
17,45.26,,,,,,1
18,45.26,,,,,,1
19,48.56,,,,,,1
20,69.01,,,,,,1
21,90.54,,,,,,0
22,90.54,,,,,,0
23,90.54,,,,,,0
24,90.54,,,,,,0
25,90.54,,,,,,0
26,90.54,,,,,,0
27,90.54,,,,,,0
28,90.54,,,,,,0
1,10.06,,,,,,1
2,10.06,,,,,,1
3,10.06,,,,,,1
4,10.06,,,,,,1
5,10.06,,,,,,1
6,10.06,,,,,,1
7,10.06,,,,,,1
8,12.36,,,,,,1
9,20.21,,,,,,1
10,20.21,,,,,,1
11,45.26,,,,,,1
12,49.11,,,,,,1
13,58.17,,,,,,1
14,59.25,,,,,,1
15,62.02,,,,,,1
16,90.54,,,,,,0
17,90.54,,,,,,0
18,90.54,,,,,,0
19,90.54,,,,,,0
20,90.54,,,,,,0
21,90.54,,,,,,0
22,90.54,,,,,,0
23,90.54,,,,,,0
24,90.54,,,,,,0
25,90.54,,,,,,0
26,90.54,,,,,,0
27,90.54,,,,,,0
28,90.54,,,,,,0
1,10.06,,,,,,1
2,10.06,,,,,,1
3,10.06,,,,,,1
4,10.06,,,,,,1
5,12.36,,,,,,1
6,90.54,,,,,,0
7,90.54,,,,,,0
8,90.54,,,,,,0
9,90.54,,,,,,0
10,90.54,,,,,,0
11,90.54,,,,,,0
12,90.54,,,,,,0
13,90.54,,,,,,0
14,90.54,,,,,,0
15,90.54,,,,,,0
16,90.54,,,,,,0
17,90.54,,,,,,0
18,90.54,,,,,,0
19,90.54,,,,,,0
20,90.54,,,,,,0
21,90.54,,,,,,0
22,90.54,,,,,,0
23,90.54,,,,,,0
24,90.54,,,,,,0
25,90.54,,,,,,0
26,90.54,,,,,,0
27,90.54,,,,,,0
28,90.54,,,,,,0
1,10.06,,,,,,1
2,10.06,,,,,,1
3,10.06,,,,,,1
4,10.06,,,,,,1
5,10.06,,,,,,1
6,10.06,,,,,,1
7,10.06,,,,,,1
8,10.06,,,,,,1
9,10.06,,,,,,1
10,10.06,,,,,,1
11,12.36,,,,,,1
12,18.56,,,,,,1
13,18.56,,,,,,1
14,18.56,,,,,,1
15,20.21,,,,,,1
16,20.21,,,,,,1
17,20.21,,,,,,1
18,21.36,,,,,,1
19,45.26,,,,,,1
20,45.26,,,,,,1
21,49.11,,,,,,1
22,49.11,,,,,,1
23,49.11,,,,,,1
24,90.54,,,,,,0
25,90.54,,,,,,0
26,90.54,,,,,,0
27,90.54,,,,,,0
28,90.54,,,,,,0