...1,1_MXM,6_VM,11_VM,15_CESAIBC,AT_BV,3_MXM,8_VM,9_VM,10_VM,13_VM
ko00750,1,0,0,0,0,1,0,0,2,0
map00750,1,0,0,0,0,1,0,0,2,0
ko00790,1,0,0,0,0,0,0,0,0,0
ko01100,7,2,2,3,6,0,6,0,0,0
map00790,1,0,0,0,0,0,0,0,0,0
map01100,7,2,2,3,6,0,6,0,0,0
ko03010,1,0,0,0,1,0,0,0,0,0
map03010,1,0,0,0,1,0,0,0,0,0
ko00730,1,0,0,0,0,0,1,0,0,0
map00730,1,0,0,0,0,0,1,0,0,0
ko02010,1,1,1,1,5,0,3,1,0,0
map02010,1,1,1,1,5,0,3,1,0,0
ko00330,1,0,0,1,2,0,0,0,0,0
ko00332,1,0,0,0,1,0,0,0,0,0
ko01110,2,1,1,2,4,0,3,0,0,0
ko01130,1,1,1,1,2,0,3,0,0,0
ko01230,1,0,0,0,2,0,3,0,0,0
map00330,1,0,0,1,2,0,0,0,0,0
map00332,1,0,0,0,1,0,0,0,0,0
map01110,2,1,1,2,4,0,3,0,0,0
map01130,1,1,1,1,2,0,3,0,0,0
map01230,1,0,0,0,2,0,3,0,0,0
ko00010,2,0,0,0,1,0,0,0,0,0
ko00500,3,1,1,1,2,0,0,0,0,0
map00010,2,0,0,0,1,0,0,0,0,0
map00500,3,1,1,1,2,0,0,0,0,0
ko00051,1,0,0,0,0,0,0,0,0,0
ko01120,3,0,0,0,2,0,2,0,0,0
map00051,1,0,0,0,0,0,0,0,0,0
map01120,3,0,0,0,2,0,2,0,0,0
ko03070,1,1,1,1,0,0,0,0,0,0
map03070,1,1,1,1,0,0,0,0,0,0
ko04973,1,0,0,0,1,0,0,0,0,0
map04973,1,0,0,0,1,0,0,0,0,0
ko00620,2,0,0,0,0,0,0,0,0,0
ko00640,2,0,0,0,0,0,0,0,0,0
ko00650,2,0,0,0,0,0,0,0,0,0
map00620,2,0,0,0,0,0,0,0,0,0
map00640,2,0,0,0,0,0,0,0,0,0
map00650,2,0,0,0,0,0,0,0,0,0
ko00310,1,0,0,1,1,0,0,0,0,0
ko00960,1,0,0,1,1,0,0,0,0,0
map00310,1,0,0,1,1,0,0,0,0,0
map00960,1,0,0,1,1,0,0,0,0,0
ko02060,1,2,2,2,1,0,0,0,0,0
map02060,1,2,2,2,1,0,0,0,0,0
ko01503,0,1,1,1,0,0,0,0,0,0
map01503,0,1,1,1,0,0,0,0,0,0
ko05111,0,1,1,2,0,0,0,0,0,0
map05111,0,1,1,2,0,0,0,0,0,0
ko00900,0,1,1,1,0,0,0,0,0,0
map00900,0,1,1,1,0,0,0,0,0,0
ko02025,0,1,1,1,0,0,0,0,0,0
map02025,0,1,1,1,0,0,0,0,0,0
ko02020,0,1,1,1,2,0,1,0,0,0
ko02040,0,3,3,4,1,0,0,0,0,0
ko04621,0,1,1,1,1,0,0,0,0,0
ko04626,0,1,1,1,1,0,0,0,0,0
ko05132,0,1,1,1,1,0,0,0,0,0
ko05134,0,1,1,1,1,0,0,0,0,0
map02020,0,1,1,1,2,0,1,0,0,0
map02040,0,3,3,4,1,0,0,0,0,0
map04621,0,1,1,1,1,0,0,0,0,0
map04626,0,1,1,1,1,0,0,0,0,0
map05132,0,1,1,1,1,0,0,0,0,0
map05134,0,1,1,1,1,0,0,0,0,0
ko02026,0,1,1,1,0,0,0,0,0,0
map02026,0,1,1,1,0,0,0,0,0,0
ko00860,0,1,1,1,0,0,0,0,0,0
map00860,0,1,1,1,0,0,0,0,0,0
ko00140,0,0,0,1,2,0,0,0,0,0
ko00600,0,0,0,1,2,0,0,0,0,0
map00140,0,0,0,1,2,0,0,0,0,0
map00600,0,0,0,1,2,0,0,0,0,0
ko00300,0,0,0,0,1,0,2,0,0,0
map00300,0,0,0,0,1,0,2,0,0,0
ko00920,0,0,0,0,1,0,0,0,0,0
map00920,0,0,0,0,1,0,0,0,0,0
ko00230,0,0,0,0,1,0,0,0,0,0
map00230,0,0,0,0,1,0,0,0,0,0
ko02024,0,0,0,0,1,0,0,0,0,0
map02024,0,0,0,0,1,0,0,0,0,0
ko03440,0,0,0,0,0,0,1,0,0,0
map03440,0,0,0,0,0,0,1,0,0,0
ko00970,0,0,0,0,0,0,1,0,0,0
map00970,0,0,0,0,0,0,1,0,0,0
ko01210,0,0,0,0,0,0,3,0,0,0
map01210,0,0,0,0,0,0,3,0,0,0
ko00250,0,0,0,0,0,0,1,0,0,0
ko00460,0,0,0,0,0,0,1,0,0,0
map00250,0,0,0,0,0,0,1,0,0,0
map00460,0,0,0,0,0,0,1,0,0,0
ko00260,0,0,0,0,0,0,1,0,0,0
ko00261,0,0,0,0,0,0,1,0,0,0
ko00270,0,0,0,0,0,0,1,0,0,0
map00260,0,0,0,0,0,0,1,0,0,0
map00261,0,0,0,0,0,0,1,0,0,0
map00270,0,0,0,0,0,0,1,0,0,0
ko00020,0,0,0,0,0,0,1,0,0,0
ko01200,0,0,0,0,0,0,1,0,0,0
map00020,0,0,0,0,0,0,1,0,0,0
map01200,0,0,0,0,0,0,1,0,0,0
ko00240,0,0,0,0,0,0,1,0,0,0
map00240,0,0,0,0,0,0,1,0,0,0
