Strain,Species,Completeness,Contamination,Genome_size_bp,GC_percent,Contigs,N50_bp,Coding_density,BioProject,BioSample
1_MXM,Vibrio jasicida,100,0.31,5941599,45,239,328933,86.7,PRJNA1497354,SAMN61800863
3_MXM,Mammaliicoccus sciuri,99.85,0.4,2989028,33,282,352812,87.8,PRJNA1502407,SAMN61974063
6_VM,Vibrio parahaemolyticus,100,0.21,5353580,45,292,311163,86.2,PRJNA1499907,SAMN61896394
8_VM,Aeromonas enteropelogenes,100,0.05,4502073,60,217,260531,88,PRJNA1502472,SAMN61976769
11_VM,Vibrio parahaemolyticus,100,0.21,5353445,45,284,311163,86.2,PRJNA1499920,SAMN61896695
13_VM,Micrococcus endophyticus,99.99,1.9,3058905,71,1634,107658,84.5,PRJNA1502475,SAMN61976974
15_CESAIBC,Vibrio parahaemolyticus,100,0.07,5263933,45,317,478893,86.4,PRJNA1499939,SAMN61897767
AT_BV,Vibrio alginolyticus,100,NA,5135963,44,NA,NA,86.9,PRJNA1507485,SAMN62197663
9_VM,Staphylococcus sp.,NA,NA,NA,NA,NA,NA,NA,Not available,Not available
10_VM,Bacillus sp.,NA,NA,NA,NA,NA,NA,NA,Not available,Not available
