#query	seed_ortholog	evalue	score	eggNOG_OGs	max_annot_lvl	COG_category	Description	Preferred_name	GOs	EC	KEGG_ko	KEGG_Pathway	KEGG_Module	KEGG_Reaction	KEGG_rclass	BRITE	KEGG_TC	CAZy	BiGG_Reaction	PFAMs
AAK03316.1	747.DR93_734	1.99e-186	521.0	COG0214@1|root,COG0214@2|Bacteria,1MXHW@1224|Proteobacteria,1RZ5B@1236|Gammaproteobacteria,1Y84D@135625|Pasteurellales	135625|Pasteurellales	H	Catalyzes the formation of pyridoxal 5'-phosphate from ribose 5-phosphate (RBP), glyceraldehyde 3-phosphate (G3P) and ammonia. The ammonia is provided by the PdxT subunit. Can also use ribulose 5-phosphate and dihydroxyacetone phosphate as substrates, resulting from enzyme-catalyzed isomerization of RBP and G3P, respectively	pdxS	-	4.3.3.6	ko:K06215	ko00750,map00750	-	R07456	RC00010,RC01783,RC03043	ko00000,ko00001,ko01000	-	-	-	SOR_SNZ
AAO09477.1	672.VV93_v1c00120	1.3e-53	168.0	2AWHF@1|root,31NDZ@2|Bacteria,1QK51@1224|Proteobacteria,1TI85@1236|Gammaproteobacteria,1XYM6@135623|Vibrionales	135623|Vibrionales	-	-	-	-	-	-	-	-	-	-	-	-	-	-	-
AAP96373.1	233412.HD_1593	1.43e-179	503.0	COG0214@1|root,COG0214@2|Bacteria,1MXHW@1224|Proteobacteria,1RZ5B@1236|Gammaproteobacteria,1Y84D@135625|Pasteurellales	135625|Pasteurellales	H	Catalyzes the formation of pyridoxal 5'-phosphate from ribose 5-phosphate (RBP), glyceraldehyde 3-phosphate (G3P) and ammonia. The ammonia is provided by the PdxT subunit. Can also use ribulose 5-phosphate and dihydroxyacetone phosphate as substrates, resulting from enzyme-catalyzed isomerization of RBP and G3P, respectively	pdxS	-	4.3.3.6	ko:K06215	ko00750,map00750	-	R07456	RC00010,RC01783,RC03043	ko00000,ko00001,ko01000	-	-	-	SOR_SNZ
AAS61714.1	214092.YPO1735	0.0	1105.0	COG1132@1|root,COG1132@2|Bacteria,1MUBM@1224|Proteobacteria,1RMUR@1236|Gammaproteobacteria,41DSU@629|Yersinia	1236|Gammaproteobacteria	V	ABC transporter, ATP-binding protein	-	-	-	ko:K06147	-	-	-	-	ko00000,ko02000	3.A.1.106,3.A.1.109,3.A.1.21	-	-	ABC_membrane,ABC_tran
ABC32239.1	349521.HCH_05580	8.39e-181	503.0	COG3826@1|root,COG3826@2|Bacteria,1MWVV@1224|Proteobacteria,1RZG0@1236|Gammaproteobacteria,1XNHX@135619|Oceanospirillales	135619|Oceanospirillales	S	Oxygenase, catalysing oxidative methylation of damaged DNA	-	-	-	ko:K09990	-	-	-	-	ko00000	-	-	-	Oxygenase-NA
ABK36070.1	380703.AHA_2966	0.0	1149.0	COG0076@1|root,COG0076@2|Bacteria,1Q8I8@1224|Proteobacteria,1RRHR@1236|Gammaproteobacteria	1236|Gammaproteobacteria	E	decarboxylase	-	-	-	-	-	-	-	-	-	-	-	-	Pyridoxal_deC
ABK36314.1	380703.AHA_1172	3.32e-198	548.0	COG0024@1|root,COG0024@2|Bacteria,1MU99@1224|Proteobacteria,1RMHN@1236|Gammaproteobacteria,1Y3SU@135624|Aeromonadales	135624|Aeromonadales	E	Methionine aminopeptidase	map	-	3.4.11.18	ko:K01265	-	-	-	-	ko00000,ko01000,ko01002	-	-	-	Peptidase_M24
ABK36407.1	380703.AHA_2682	5.77e-244	670.0	COG0136@1|root,COG0136@2|Bacteria,1MUHG@1224|Proteobacteria,1RNB6@1236|Gammaproteobacteria,1Y4QA@135624|Aeromonadales	135624|Aeromonadales	E	Catalyzes the NADPH-dependent formation of L-aspartate- semialdehyde (L-ASA) by the reductive dephosphorylation of L- aspartyl-4-phosphate	-	-	1.2.1.11	ko:K00133	ko00260,ko00261,ko00270,ko00300,ko01100,ko01110,ko01120,ko01130,ko01210,ko01230,map00260,map00261,map00270,map00300,map01100,map01110,map01120,map01130,map01210,map01230	M00016,M00017,M00018,M00033,M00525,M00526,M00527	R02291	RC00684	ko00000,ko00001,ko00002,ko01000	-	-	-	Semialdhyde_dh,Semialdhyde_dhC
ABK36433.1	380703.AHA_4223	6.38e-151	424.0	COG0461@1|root,COG0461@2|Bacteria,1MW6F@1224|Proteobacteria,1RQYG@1236|Gammaproteobacteria,1Y3KB@135624|Aeromonadales	135624|Aeromonadales	F	Catalyzes the transfer of a ribosyl phosphate group from 5-phosphoribose 1-diphosphate to orotate, leading to the formation of orotidine monophosphate (OMP)	pyrE	-	2.4.2.10	ko:K00762	ko00240,ko01100,map00240,map01100	M00051	R01870	RC00611	ko00000,ko00001,ko00002,ko01000	-	-	-	Pribosyltran
ABK36462.1	380703.AHA_0030	0.0	877.0	COG2271@1|root,COG2271@2|Bacteria,1MX4V@1224|Proteobacteria,1RMB3@1236|Gammaproteobacteria	1236|Gammaproteobacteria	G	transporter	-	-	-	ko:K07783	ko02020,map02020	-	-	-	ko00000,ko00001,ko02000	2.A.1.4.4,2.A.1.4.6	-	-	MFS_1
ABK36859.1	380703.AHA_0657	3.24e-139	395.0	COG4215@1|root,COG4215@2|Bacteria,1NH6Q@1224|Proteobacteria,1RPY2@1236|Gammaproteobacteria,1Y55T@135624|Aeromonadales	135624|Aeromonadales	P	Binding-protein-dependent transport system inner membrane component	-	-	-	ko:K09999	ko02010,map02010	M00229	-	-	ko00000,ko00001,ko00002,ko02000	3.A.1.3.3	-	-	BPD_transp_1
ABK37213.1	380703.AHA_1521	0.0	1325.0	COG0173@1|root,COG0173@2|Bacteria,1MUXB@1224|Proteobacteria,1RNMI@1236|Gammaproteobacteria,1Y3GF@135624|Aeromonadales	135624|Aeromonadales	J	Catalyzes the attachment of L-aspartate to tRNA(Asp) in a two-step reaction L-aspartate is first activated by ATP to form Asp-AMP and then transferred to the acceptor end of tRNA(Asp)	aspS	-	6.1.1.12	ko:K01876	ko00970,map00970	M00359,M00360	R05577	RC00055,RC00523	ko00000,ko00001,ko00002,ko01000,ko01007,ko03016,ko03029	-	-	-	GAD,tRNA-synt_2,tRNA_anti-codon
ABK37319.1	380703.AHA_0219	1.5e-256	704.0	COG1744@1|root,COG1744@2|Bacteria,1NGHH@1224|Proteobacteria,1T1CE@1236|Gammaproteobacteria,1Y4QY@135624|Aeromonadales	135624|Aeromonadales	M	ABC transporter substrate-binding protein PnrA-like	-	-	-	ko:K07335	-	-	-	-	ko00000	-	-	-	Bmp
ABK37335.1	380703.AHA_4068	1.87e-272	744.0	COG2502@1|root,COG2502@2|Bacteria,1MVWF@1224|Proteobacteria,1RN79@1236|Gammaproteobacteria,1Y3YH@135624|Aeromonadales	135624|Aeromonadales	E	Aspartate-ammonia ligase	asnA	-	6.3.1.1	ko:K01914	ko00250,ko00460,ko01100,ko01110,ko01230,map00250,map00460,map01100,map01110,map01230	-	R00483	RC00010	ko00000,ko00001,ko01000	-	-	-	AsnA
ABK37728.1	380703.AHA_0054	1.64e-149	420.0	COG1528@1|root,COG1528@2|Bacteria,1R9ZC@1224|Proteobacteria,1RYVB@1236|Gammaproteobacteria	1236|Gammaproteobacteria	P	Iron-storage protein	ftnA	GO:0003674,GO:0003824,GO:0004322,GO:0005488,GO:0005506,GO:0005515,GO:0005575,GO:0005622,GO:0005623,GO:0005737,GO:0005829,GO:0006873,GO:0006875,GO:0006879,GO:0006880,GO:0006950,GO:0006974,GO:0006979,GO:0008150,GO:0008152,GO:0008199,GO:0009987,GO:0010035,GO:0010038,GO:0010039,GO:0016491,GO:0016722,GO:0016724,GO:0019725,GO:0030003,GO:0033554,GO:0042221,GO:0042592,GO:0042802,GO:0043167,GO:0043169,GO:0044424,GO:0044444,GO:0044464,GO:0046872,GO:0046914,GO:0046916,GO:0048878,GO:0050801,GO:0050896,GO:0051179,GO:0051235,GO:0051238,GO:0051641,GO:0051651,GO:0051716,GO:0055065,GO:0055072,GO:0055076,GO:0055080,GO:0055082,GO:0055114,GO:0065007,GO:0065008,GO:0070887,GO:0071241,GO:0071248,GO:0071281,GO:0097577,GO:0098771	1.16.3.2	ko:K02217	-	-	-	-	ko00000,ko01000	-	-	-	Ferritin
ABK37802.1	380703.AHA_0539	2.91e-310	847.0	COG1972@1|root,COG1972@2|Bacteria,1MXXX@1224|Proteobacteria,1RMBX@1236|Gammaproteobacteria	1236|Gammaproteobacteria	F	Belongs to the concentrative nucleoside transporter (CNT) (TC 2.A.41) family	nupC	GO:0003674,GO:0005215,GO:0005337,GO:0005575,GO:0005623,GO:0005886,GO:0005887,GO:0006810,GO:0006811,GO:0006812,GO:0008150,GO:0008324,GO:0015075,GO:0015077,GO:0015078,GO:0015212,GO:0015213,GO:0015214,GO:0015291,GO:0015293,GO:0015294,GO:0015295,GO:0015318,GO:0015506,GO:0015672,GO:0015858,GO:0015861,GO:0015862,GO:0015864,GO:0015931,GO:0015932,GO:0016020,GO:0016021,GO:0022804,GO:0022857,GO:0022890,GO:0031224,GO:0031226,GO:0034220,GO:0044425,GO:0044459,GO:0044464,GO:0051179,GO:0051234,GO:0055085,GO:0071702,GO:0071705,GO:0071944,GO:0072531,GO:0098655,GO:0098660,GO:0098662,GO:1901264,GO:1901505,GO:1901642,GO:1902600	-	ko:K03317,ko:K11535	-	-	-	-	ko00000,ko02000	2.A.41,2.A.41.1	-	iECOK1_1307.ECOK1_2708	Gate,Nucleos_tra2_C,Nucleos_tra2_N
ABK37920.1	380703.AHA_1835	0.0	1181.0	COG3519@1|root,COG3519@2|Bacteria,1MUY4@1224|Proteobacteria,1RPK4@1236|Gammaproteobacteria,1Y3W7@135624|Aeromonadales	135624|Aeromonadales	S	Type VI secretion system, TssF	-	-	-	ko:K11896	-	M00334	-	-	ko00000,ko00002,ko02044	3.A.23.1	-	-	T6SS_TssF
ABK38267.1	380703.AHA_0440	0.0	1044.0	COG0351@1|root,COG0352@1|root,COG0351@2|Bacteria,COG0352@2|Bacteria,1MU9J@1224|Proteobacteria,1RNFP@1236|Gammaproteobacteria,1Y3WW@135624|Aeromonadales	135624|Aeromonadales	H	Condenses 4-methyl-5-(beta-hydroxyethyl)thiazole monophosphate (THZ-P) and 2-methyl-4-amino-5-hydroxymethyl pyrimidine pyrophosphate (HMP-PP) to form thiamine monophosphate (TMP)	thiE	-	2.5.1.3,2.7.1.49,2.7.4.7	ko:K14153	ko00730,ko01100,map00730,map01100	M00127	R03223,R03471,R04509,R10712	RC00002,RC00017,RC00224,RC03255,RC03397	ko00000,ko00001,ko00002,ko01000	-	-	-	Phos_pyr_kin,TMP-TENI
ABK38511.1	1448139.AI20_11185	4.82e-155	436.0	COG4149@1|root,COG4149@2|Bacteria,1MUXR@1224|Proteobacteria,1RRDV@1236|Gammaproteobacteria,1Y4CH@135624|Aeromonadales	135624|Aeromonadales	P	Binding-protein-dependent transport system inner membrane component	-	-	-	ko:K02018	ko02010,map02010	M00189	-	-	ko00000,ko00001,ko00002,ko02000	3.A.1.8	-	-	BPD_transp_1
ABK39124.1	380703.AHA_3484	1.52e-285	780.0	COG1167@1|root,COG1167@2|Bacteria,1MV6F@1224|Proteobacteria,1RNDN@1236|Gammaproteobacteria,1Y4E6@135624|Aeromonadales	135624|Aeromonadales	E	I and II	-	-	-	ko:K05825	ko00300,ko01100,ko01130,ko01210,map00300,map01100,map01130,map01210	-	R01939	RC00006	ko00000,ko00001,ko01000	-	-	-	Aminotran_1_2
ABO12257.2	520709.F985_02565	4.08e-132	375.0	COG0262@1|root,COG0262@2|Bacteria,1N2NT@1224|Proteobacteria,1T6AW@1236|Gammaproteobacteria,3NSVE@468|Moraxellaceae	1236|Gammaproteobacteria	H	RibD C-terminal domain	-	-	-	-	-	-	-	-	-	-	-	-	RibD_C
ABO88327.1	382245.ASA_0128	0.0	1471.0	COG1198@1|root,COG1198@2|Bacteria,1MUUZ@1224|Proteobacteria,1RPZ7@1236|Gammaproteobacteria,1Y3WP@135624|Aeromonadales	135624|Aeromonadales	L	Involved in the restart of stalled replication forks. Recognizes and binds the arrested nascent DNA chain at stalled replication forks. It can open the DNA duplex, via its helicase activity, and promote assembly of the primosome and loading of the major replicative helicase DnaB onto DNA	priA	-	-	ko:K04066	ko03440,map03440	-	-	-	ko00000,ko00001,ko01000,ko03400	-	-	-	DEAD,Helicase_C
ABO90776.1	382245.ASA_2758	9.57e-267	730.0	COG0443@1|root,COG0443@2|Bacteria,1R4I4@1224|Proteobacteria,1RRY4@1236|Gammaproteobacteria	1236|Gammaproteobacteria	O	PFAM StbA family protein	stbA	-	-	ko:K18640	-	-	-	-	ko00000,ko04812	-	-	-	StbA
ABO91176.1	382245.ASA_3183	7.46e-234	644.0	COG0473@1|root,COG0473@2|Bacteria,1QU2H@1224|Proteobacteria,1T1N6@1236|Gammaproteobacteria,1Y53V@135624|Aeromonadales	135624|Aeromonadales	C	Isocitrate/isopropylmalate dehydrogenase	-	-	1.1.1.41	ko:K00030	ko00020,ko01100,ko01110,ko01120,ko01130,ko01200,ko01210,ko01230,map00020,map01100,map01110,map01120,map01130,map01200,map01210,map01230	M00009,M00010	R00709	RC00114	br01601,ko00000,ko00001,ko00002,ko01000	-	-	-	Iso_dh
ABQ19809.1	243277.VC_2020	9.74e-67	203.0	COG0236@1|root,COG0236@2|Bacteria,1MZ4P@1224|Proteobacteria,1S8X4@1236|Gammaproteobacteria,1XYA4@135623|Vibrionales	135623|Vibrionales	IQ	Carrier of the growing fatty acid chain in fatty acid biosynthesis	acpP	GO:0000035,GO:0000036,GO:0003674,GO:0005488,GO:0005575,GO:0005622,GO:0005623,GO:0005737,GO:0005829,GO:0005975,GO:0006082,GO:0006629,GO:0006631,GO:0006633,GO:0006643,GO:0006644,GO:0006664,GO:0006793,GO:0006796,GO:0008150,GO:0008152,GO:0008610,GO:0008654,GO:0009058,GO:0009245,GO:0009247,GO:0009311,GO:0009312,GO:0009987,GO:0016051,GO:0016053,GO:0019637,GO:0019752,GO:0019842,GO:0031177,GO:0032787,GO:0033218,GO:0036094,GO:0043167,GO:0043168,GO:0043436,GO:0044237,GO:0044238,GO:0044249,GO:0044255,GO:0044281,GO:0044283,GO:0044424,GO:0044444,GO:0044464,GO:0044620,GO:0046394,GO:0046467,GO:0046493,GO:0048037,GO:0051192,GO:0071704,GO:0072330,GO:0072341,GO:0090407,GO:0140104,GO:1901135,GO:1901137,GO:1901269,GO:1901271,GO:1901576,GO:1903509	-	ko:K02078	-	-	-	-	ko00000,ko00001	-	-	-	PP-binding
ACB55644.1	312309.VF_2604	5.51e-32	110.0	2C7CM@1|root,33DFK@2|Bacteria,1NMRB@1224|Proteobacteria,1SIJ7@1236|Gammaproteobacteria	1236|Gammaproteobacteria	-	-	-	-	-	-	-	-	-	-	-	-	-	-	-
ACQ59681.1	243277.VC_0043	0.0	874.0	COG0569@1|root,COG0569@2|Bacteria,1MW8R@1224|Proteobacteria,1RNVQ@1236|Gammaproteobacteria,1XTKZ@135623|Vibrionales	135623|Vibrionales	P	Potassium transporter peripheral membrane component	trkA	-	-	ko:K03499	-	-	-	-	ko00000,ko02000	2.A.38.1,2.A.38.4	-	-	TrkA_C,TrkA_N
BAC58280.1	675813.VIB_003018	3.55e-06	45.1	2AWX5@1|root,31NUQ@2|Bacteria,1QKID@1224|Proteobacteria,1TINM@1236|Gammaproteobacteria,1XZDM@135623|Vibrionales	135623|Vibrionales	-	-	-	-	-	-	-	-	-	-	-	-	-	-	-
BAC58283.1	223926.28805002	0.0	1437.0	COG0366@1|root,COG0366@2|Bacteria,1MU90@1224|Proteobacteria,1RQ1S@1236|Gammaproteobacteria,1XURK@135623|Vibrionales	135623|Vibrionales	G	alpha-amylase	malS	-	3.2.1.1	ko:K01176	ko00500,ko01100,ko04973,map00500,map01100,map04973	-	R02108,R02112,R11262	-	ko00000,ko00001,ko01000	-	GH13	-	Alpha-amylase
BAC58289.1	1280001.BAOA01000148_gene2531	5.07e-35	119.0	2B57E@1|root,31Y1C@2|Bacteria,1QK8U@1224|Proteobacteria,1TICA@1236|Gammaproteobacteria,1XYUY@135623|Vibrionales	135623|Vibrionales	-	-	-	-	-	-	-	-	-	-	-	-	-	-	-
BAC58329.1	223926.28805048	5.98e-208	574.0	COG0005@1|root,COG0005@2|Bacteria,1MUWW@1224|Proteobacteria,1RS0S@1236|Gammaproteobacteria,1XW3B@135623|Vibrionales	135623|Vibrionales	F	The purine nucleoside phosphorylases catalyze the phosphorolytic breakdown of the N-glycosidic bond in the beta- (deoxy)ribonucleoside molecules, with the formation of the corresponding free purine bases and pentose-1-phosphate	xapA	-	-	ko:K03815	ko00230,ko01100,ko01110,map00230,map01100,map01110	-	R02297	RC00122	ko00000,ko00001,ko01000	-	-	-	PNP_UDP_1
BAC58428.1	223926.28805147	1.45e-115	332.0	COG0811@1|root,COG0811@2|Bacteria,1MX60@1224|Proteobacteria,1RRX1@1236|Gammaproteobacteria,1XV6C@135623|Vibrionales	135623|Vibrionales	U	TonB system transport protein ExbB2	-	-	-	ko:K03561	-	-	-	-	ko00000,ko02000	1.A.30.2.1	-	-	MotA_ExbB
BAC58504.1	223926.28805223	5.24e-101	292.0	COG3152@1|root,COG3152@2|Bacteria,1RD1M@1224|Proteobacteria,1S2CI@1236|Gammaproteobacteria,1XXHJ@135623|Vibrionales	135623|Vibrionales	S	Protein of unknown function (DUF805)	-	-	-	-	-	-	-	-	-	-	-	-	DUF805
BAC58572.1	223926.28805292	1.52e-79	236.0	COG2105@1|root,COG2105@2|Bacteria,1N94Q@1224|Proteobacteria,1SEE3@1236|Gammaproteobacteria,1XXWK@135623|Vibrionales	135623|Vibrionales	S	Gamma-glutamyl cyclotransferase, AIG2-like	-	-	-	-	-	-	-	-	-	-	-	-	GGACT
BAC58580.1	223926.28805300	0.0	1006.0	COG1178@1|root,COG1178@2|Bacteria,1MWCF@1224|Proteobacteria,1RNHK@1236|Gammaproteobacteria,1XT1Z@135623|Vibrionales	135623|Vibrionales	P	COG1178 ABC-type Fe3 transport system, permease component	thiP	-	-	ko:K02063	ko02010,map02010	M00191	-	-	ko00000,ko00001,ko00002,ko02000	3.A.1.19	-	-	BPD_transp_1
BAC58631.1	223926.28805351	7.18e-121	345.0	COG3722@1|root,COG3722@2|Bacteria,1NEDY@1224|Proteobacteria,1RPCM@1236|Gammaproteobacteria,1XVK5@135623|Vibrionales	135623|Vibrionales	K	Mannitol operon repressor	mtlR	-	-	ko:K02562	-	-	-	-	ko00000,ko03000	-	-	-	MtlR
BAC58756.1	223926.28805476	1.89e-110	317.0	28WAX@1|root,2ZIBD@2|Bacteria,1P4EX@1224|Proteobacteria,1SV3G@1236|Gammaproteobacteria,1XY5B@135623|Vibrionales	135623|Vibrionales	-	-	-	-	-	-	-	-	-	-	-	-	-	-	-
BAC58765.1	1116375.VEJY3_02265	1.28e-33	115.0	2EJCD@1|root,33D3F@2|Bacteria,1NGUI@1224|Proteobacteria,1SHIH@1236|Gammaproteobacteria,1XZ06@135623|Vibrionales	135623|Vibrionales	S	Protein of unknown function (DUF3545)	-	-	-	-	-	-	-	-	-	-	-	-	DUF3545
BAC58804.1	223926.28805524	5.54e-81	239.0	2ED5M@1|root,3372C@2|Bacteria,1N2Z7@1224|Proteobacteria,1SEVD@1236|Gammaproteobacteria,1XY03@135623|Vibrionales	135623|Vibrionales	S	Protein of unknown function (DUF2799)	-	-	-	-	-	-	-	-	-	-	-	-	DUF2799
BAC58828.1	223926.28805548	1.05e-73	220.0	2E8ER@1|root,332T4@2|Bacteria,1ND4F@1224|Proteobacteria,1SERH@1236|Gammaproteobacteria,1XY0T@135623|Vibrionales	135623|Vibrionales	-	-	VP0565	-	-	-	-	-	-	-	-	-	-	-	-
BAC58940.1	223926.28805663	1.66e-287	786.0	COG0014@1|root,COG0014@2|Bacteria,1MUGJ@1224|Proteobacteria,1RMAY@1236|Gammaproteobacteria,1XT6D@135623|Vibrionales	135623|Vibrionales	E	Catalyzes the NADPH-dependent reduction of L-glutamate 5-phosphate into L-glutamate 5-semialdehyde and phosphate. The product spontaneously undergoes cyclization to form 1-pyrroline-5- carboxylate	proA	GO:0003674,GO:0003824,GO:0004350,GO:0006082,GO:0006520,GO:0006560,GO:0006561,GO:0006807,GO:0008150,GO:0008152,GO:0008652,GO:0009058,GO:0009064,GO:0009084,GO:0009987,GO:0016053,GO:0016491,GO:0016620,GO:0016903,GO:0018130,GO:0019752,GO:0043436,GO:0044237,GO:0044238,GO:0044249,GO:0044281,GO:0044283,GO:0046394,GO:0046483,GO:0055114,GO:0071704,GO:1901360,GO:1901362,GO:1901564,GO:1901566,GO:1901576,GO:1901605,GO:1901607	1.2.1.41	ko:K00147	ko00330,ko00332,ko01100,ko01110,ko01130,ko01230,map00330,map00332,map01100,map01110,map01130,map01230	M00015	R03313	RC00684	ko00000,ko00001,ko00002,ko01000	-	-	-	Aldedh
BAC58989.1	223926.28805712	1.96e-120	344.0	COG2980@1|root,COG2980@2|Bacteria,1N0JN@1224|Proteobacteria,1SAG4@1236|Gammaproteobacteria,1XUHF@135623|Vibrionales	135623|Vibrionales	M	Together with LptD, is involved in the assembly of lipopolysaccharide (LPS) at the surface of the outer membrane. Required for the proper assembly of LptD. Binds LPS and may serve as the LPS recognition site at the outer membrane	lptE	-	-	ko:K03643	-	-	-	-	ko00000,ko02000	1.B.42.1	-	-	LptE
BAC59014.1	223926.28805737	3.63e-136	385.0	COG2840@1|root,COG2840@2|Bacteria,1RH34@1224|Proteobacteria,1S6B5@1236|Gammaproteobacteria,1XT93@135623|Vibrionales	135623|Vibrionales	S	protein conserved in bacteria	-	-	-	-	-	-	-	-	-	-	-	-	Smr
BAC59023.1	223926.28805746	9.38e-279	761.0	COG3203@1|root,COG3203@2|Bacteria,1MWUN@1224|Proteobacteria,1S8I8@1236|Gammaproteobacteria,1XSXE@135623|Vibrionales	135623|Vibrionales	M	COG3203 Outer membrane protein (porin)	-	-	-	-	-	-	-	-	-	-	-	-	Porin_4
BAC59027.1	223926.28805750	1.47e-200	558.0	COG2885@1|root,COG3637@1|root,COG2885@2|Bacteria,COG3637@2|Bacteria,1N6EM@1224|Proteobacteria,1SBXG@1236|Gammaproteobacteria,1XU00@135623|Vibrionales	135623|Vibrionales	M	Belongs to the ompA family	-	-	-	ko:K03286	-	-	-	-	ko00000,ko02000	1.B.6	-	-	OmpA,OmpA_membrane
BAC59075.1	223926.28805798	2.65e-175	490.0	arCOG03638@1|root,2Z8W3@2|Bacteria,1N2PH@1224|Proteobacteria,1RMI8@1236|Gammaproteobacteria,1XUA3@135623|Vibrionales	135623|Vibrionales	S	Protein of unknown function (DUF1538)	-	-	-	-	-	-	-	-	-	-	-	-	DUF1538
BAC59076.1	1219076.N646_2965	4.18e-73	219.0	COG0347@1|root,COG0347@2|Bacteria,1RI28@1224|Proteobacteria,1S62Z@1236|Gammaproteobacteria,1XXA8@135623|Vibrionales	135623|Vibrionales	K	Belongs to the P(II) protein family	VV0993	-	-	-	-	-	-	-	-	-	-	-	-
BAC59122.1	223926.28805845	3.88e-46	148.0	2EGR8@1|root,33AHD@2|Bacteria,1QTRG@1224|Proteobacteria,1SUI3@1236|Gammaproteobacteria,1XYXP@135623|Vibrionales	135623|Vibrionales	S	FeoC like transcriptional regulator	VV1042	-	-	ko:K10123	-	-	-	-	ko00000,ko02000	-	-	-	FeoC
BAC59165.1	223926.28805889	0.0	864.0	COG1253@1|root,COG1253@2|Bacteria,1MV3P@1224|Proteobacteria,1T1MS@1236|Gammaproteobacteria,1XT0K@135623|Vibrionales	135623|Vibrionales	P	COG1253 Hemolysins and related proteins containing CBS domains	-	-	-	ko:K03699	-	-	-	-	ko00000,ko02042	-	-	-	CBS,CorC_HlyC,DUF21
BAC59319.1	223926.28806043	3.85e-98	285.0	COG0824@1|root,COG0824@2|Bacteria,1MZH6@1224|Proteobacteria,1S93F@1236|Gammaproteobacteria,1XXKJ@135623|Vibrionales	135623|Vibrionales	S	Thioesterase-like superfamily	ybgC	-	-	ko:K07107	-	-	-	-	ko00000,ko01000	-	-	-	4HBT
BAC59321.1	223926.28806045	1.94e-95	278.0	COG0848@1|root,COG0848@2|Bacteria,1MZ6M@1224|Proteobacteria,1S8RS@1236|Gammaproteobacteria,1XWZR@135623|Vibrionales	135623|Vibrionales	U	TolR membrane protein	tolR	-	-	ko:K03560	-	-	-	-	ko00000,ko02000	1.A.30.2.2	-	-	ExbD
BAC59340.1	223926.28806064	9.88e-303	825.0	COG0582@1|root,COG0582@2|Bacteria,1MU23@1224|Proteobacteria,1RMJ1@1236|Gammaproteobacteria,1XTXF@135623|Vibrionales	135623|Vibrionales	L	Belongs to the 'phage' integrase family	-	-	-	-	-	-	-	-	-	-	-	-	Arm-DNA-bind_3,Phage_int_SAM_3,Phage_integrase
BAC59380.1	223926.28806104	6.8e-31	108.0	2AWMV@1|root,31NIK@2|Bacteria,1QK99@1224|Proteobacteria,1TICQ@1236|Gammaproteobacteria,1XYVP@135623|Vibrionales	135623|Vibrionales	-	-	-	-	-	-	-	-	-	-	-	-	-	-	-
BAC59423.1	1280001.BAOA01000078_gene3174	3.33e-35	119.0	COG4459@1|root,COG4459@2|Bacteria,1NGRU@1224|Proteobacteria,1SGMN@1236|Gammaproteobacteria,1XYWD@135623|Vibrionales	135623|Vibrionales	C	COG4459 Periplasmic nitrate reductase system, NapE component	torE	-	-	ko:K02571	-	-	-	-	ko00000	-	-	-	NapE
BAC59434.1	223926.28806159	0.0	1095.0	COG4166@1|root,COG4166@2|Bacteria,1P91R@1224|Proteobacteria,1T1RS@1236|Gammaproteobacteria,1XUUH@135623|Vibrionales	135623|Vibrionales	E	COG4166 ABC-type oligopeptide transport system, periplasmic component	sapA	-	-	ko:K19226	ko01503,ko02010,map01503,map02010	M00739	-	-	ko00000,ko00001,ko00002,ko02000	3.A.1.5.5	-	-	SBP_bac_5
BAC59495.1	223926.28806220	0.0	1065.0	COG2985@1|root,COG3273@1|root,COG2985@2|Bacteria,COG3273@2|Bacteria,1MUVM@1224|Proteobacteria,1RQ47@1236|Gammaproteobacteria,1XSX8@135623|Vibrionales	135623|Vibrionales	P	transport protein	ybjL	-	-	ko:K07085	-	-	-	-	ko00000	2.A.81	-	-	Asp-Al_Ex,TrkA_C
BAC59547.1	223926.28806272	5.9e-191	530.0	COG3655@1|root,COG3655@2|Bacteria,1NC3B@1224|Proteobacteria,1SDIR@1236|Gammaproteobacteria,1XSVT@135623|Vibrionales	135623|Vibrionales	K	Transcriptional regulator	-	-	-	-	-	-	-	-	-	-	-	-	HTH_26
BAC59570.1	223926.28806295	5.32e-148	416.0	COG0406@1|root,COG0406@2|Bacteria,1RHAT@1224|Proteobacteria,1S69R@1236|Gammaproteobacteria,1XWM4@135623|Vibrionales	135623|Vibrionales	G	COG0406 Fructose-2,6-bisphosphatase	cobC	-	3.1.3.73	ko:K02226	ko00860,ko01100,map00860,map01100	M00122	R04594,R11173	RC00017	ko00000,ko00001,ko00002,ko01000	-	-	-	His_Phos_1
BAC59593.1	223926.28806318	1.38e-253	694.0	COG3938@1|root,COG3938@2|Bacteria,1NVF9@1224|Proteobacteria,1RRCW@1236|Gammaproteobacteria,1XVGS@135623|Vibrionales	135623|Vibrionales	E	Belongs to the proline racemase family	-	-	5.1.1.8	ko:K12658	ko00330,map00330	-	R03296	RC00479	ko00000,ko00001,ko01000	-	-	-	Pro_racemase
BAC59657.1	223926.28806382	0.0	1095.0	COG3501@1|root,COG3501@2|Bacteria,1MU7Q@1224|Proteobacteria,1RMZS@1236|Gammaproteobacteria,1XUHW@135623|Vibrionales	135623|Vibrionales	M	protein conserved in bacteria	vgrG1	GO:0000166,GO:0000287,GO:0003674,GO:0003824,GO:0005488,GO:0005524,GO:0005575,GO:0006464,GO:0006807,GO:0006996,GO:0007010,GO:0007015,GO:0008144,GO:0008150,GO:0008152,GO:0008154,GO:0009405,GO:0009987,GO:0016043,GO:0016874,GO:0016879,GO:0016881,GO:0017076,GO:0018149,GO:0018153,GO:0018193,GO:0018199,GO:0018205,GO:0018262,GO:0018995,GO:0019538,GO:0022411,GO:0030029,GO:0030036,GO:0030042,GO:0030430,GO:0030554,GO:0032553,GO:0032555,GO:0032559,GO:0032984,GO:0033643,GO:0033646,GO:0035639,GO:0036094,GO:0036211,GO:0043167,GO:0043168,GO:0043169,GO:0043170,GO:0043412,GO:0043624,GO:0043656,GO:0043657,GO:0043933,GO:0044215,GO:0044216,GO:0044217,GO:0044237,GO:0044238,GO:0044260,GO:0044267,GO:0044419,GO:0046872,GO:0051261,GO:0051704,GO:0071704,GO:0071840,GO:0097159,GO:0097367,GO:0097435,GO:1901265,GO:1901363,GO:1901564	-	ko:K11904	ko03070,map03070	M00334	-	-	ko00000,ko00001,ko00002,ko02044	3.A.23.1	-	-	PG_binding_1,Phage_GPD
BAC59699.1	223926.28806427	1.06e-175	489.0	COG2818@1|root,COG2818@2|Bacteria,1R3WB@1224|Proteobacteria,1RSAH@1236|Gammaproteobacteria,1XSJ8@135623|Vibrionales	135623|Vibrionales	L	3-methyladenine DNA glycosylase	-	-	-	-	-	-	-	-	-	-	-	-	Adenine_glyco
BAC59801.1	223926.28806529	7.19e-28	100.0	COG3197@1|root,COG3197@2|Bacteria,1NG90@1224|Proteobacteria,1SGQG@1236|Gammaproteobacteria,1XZ01@135623|Vibrionales	135623|Vibrionales	P	protein, possibly involved in nitrogen fixation	ccoS	-	-	-	-	-	-	-	-	-	-	-	FixS
BAC59808.1	223926.28806536	1.02e-81	242.0	2AWW7@1|root,31NTM@2|Bacteria,1QKHM@1224|Proteobacteria,1TIMS@1236|Gammaproteobacteria,1XZCI@135623|Vibrionales	135623|Vibrionales	-	-	-	-	-	-	-	-	-	-	-	-	-	-	-
BAC59837.1	223926.28806565	1.01e-67	205.0	2A421@1|root,30SKR@2|Bacteria,1PBUH@1224|Proteobacteria,1TITB@1236|Gammaproteobacteria,1XZM7@135623|Vibrionales	135623|Vibrionales	-	-	-	-	-	-	-	-	-	-	-	-	-	-	-
BAC59878.1	223926.28806606	9.24e-114	326.0	COG2050@1|root,COG2050@2|Bacteria,1RKGI@1224|Proteobacteria,1S6IX@1236|Gammaproteobacteria,1XX0B@135623|Vibrionales	135623|Vibrionales	Q	Domain of unknown function (DUF4442)	-	-	-	-	-	-	-	-	-	-	-	-	DUF4442
BAC59888.1	223926.28806616	2.34e-85	251.0	2CZQD@1|root,32T6U@2|Bacteria,1N0VG@1224|Proteobacteria,1SB5H@1236|Gammaproteobacteria,1XXIF@135623|Vibrionales	135623|Vibrionales	-	-	-	-	-	-	-	-	-	-	-	-	-	-	-
BAC59898.1	223926.28806626	8.46e-146	410.0	COG2885@1|root,COG2885@2|Bacteria,1R8DG@1224|Proteobacteria,1RP3K@1236|Gammaproteobacteria,1XV6K@135623|Vibrionales	135623|Vibrionales	M	Belongs to the ompA family	-	-	-	-	-	-	-	-	-	-	-	-	OmpA
BAC59913.1	223926.28806641	5.69e-104	299.0	COG3791@1|root,COG3791@2|Bacteria,1N0KM@1224|Proteobacteria,1SA6W@1236|Gammaproteobacteria,1XXEM@135623|Vibrionales	135623|Vibrionales	S	Evidence 3 Function proposed based on presence of conserved amino acid motif, structural feature or limited homology	-	-	-	-	-	-	-	-	-	-	-	-	GFA
BAC59921.1	223926.28806649	2.03e-111	320.0	COG0457@1|root,COG0457@2|Bacteria,1MZH1@1224|Proteobacteria,1T1FP@1236|Gammaproteobacteria,1XW37@135623|Vibrionales	135623|Vibrionales	S	Tetratricopeptide repeat	-	-	-	-	-	-	-	-	-	-	-	-	TPR_3
BAC59929.1	223926.28806657	8.72e-58	179.0	2DPCX@1|root,331IZ@2|Bacteria,1QK2Z@1224|Proteobacteria,1TI5R@1236|Gammaproteobacteria,1XYFK@135623|Vibrionales	135623|Vibrionales	S	TyeA	-	-	-	-	-	-	-	-	-	-	-	-	TyeA
BAC59951.1	223926.28806680	3.54e-141	399.0	COG1317@1|root,COG1317@2|Bacteria,1RI2J@1224|Proteobacteria,1RZC2@1236|Gammaproteobacteria,1XW9T@135623|Vibrionales	135623|Vibrionales	NU	HrpE/YscL/FliH and V-type ATPase subunit E	-	-	-	ko:K03223	ko03070,map03070	M00332,M00660	-	-	ko00000,ko00001,ko00002,ko02044	3.A.6.1,3.A.6.3	-	-	FliH
BAC59954.1	223926.28806683	1.21e-71	216.0	2ECD5@1|root,336BE@2|Bacteria,1N9JW@1224|Proteobacteria,1SDWY@1236|Gammaproteobacteria,1XY9A@135623|Vibrionales	135623|Vibrionales	S	Type III secretion basal body protein I, YscI, HrpB, PscI	-	-	-	ko:K04053	-	M00332	-	-	ko00000,ko00002,ko02044	3.A.6.1	-	-	T3SS_basalb_I
BAC59962.1	223926.28806691	9.87e-203	561.0	COG2207@1|root,COG2207@2|Bacteria,1R6WN@1224|Proteobacteria,1RRR4@1236|Gammaproteobacteria,1XVD4@135623|Vibrionales	135623|Vibrionales	K	helix_turn_helix, arabinose operon control protein	-	-	-	ko:K20968	ko02025,map02025	-	-	-	ko00000,ko00001,ko03000	-	-	-	HTH_18
BAC60003.1	223926.28806732	8.35e-24	90.5	2AWX4@1|root,31NUN@2|Bacteria,1QKIA@1224|Proteobacteria,1TINI@1236|Gammaproteobacteria,1XZDH@135623|Vibrionales	135623|Vibrionales	-	-	-	-	-	-	-	-	-	-	-	-	-	-	-
BAC60005.1	223926.28806734	3.01e-137	387.0	2B36C@1|root,31VUC@2|Bacteria,1QJUW@1224|Proteobacteria,1THWF@1236|Gammaproteobacteria,1XXQQ@135623|Vibrionales	135623|Vibrionales	-	-	-	-	-	-	-	-	-	-	-	-	-	-	-
BAC60037.1	223926.28806766	4.95e-213	587.0	COG0388@1|root,COG0388@2|Bacteria,1MXG5@1224|Proteobacteria,1RP7S@1236|Gammaproteobacteria,1XSG7@135623|Vibrionales	135623|Vibrionales	S	Carbon-nitrogen hydrolase	-	-	3.5.1.53	ko:K12251	ko00330,ko01100,map00330,map01100	-	R01152	RC00096	ko00000,ko00001,ko01000	-	-	-	CN_hydrolase
BAC60057.1	223926.28806786	5.44e-132	374.0	COG1670@1|root,COG1670@2|Bacteria,1MZ99@1224|Proteobacteria,1SAVK@1236|Gammaproteobacteria,1XXJB@135623|Vibrionales	135623|Vibrionales	J	Acetyltransferase (GNAT) domain	-	-	-	-	-	-	-	-	-	-	-	-	Acetyltransf_1
BAC60105.1	223926.28806834	2.59e-63	195.0	2DZUD@1|root,32VJ8@2|Bacteria,1N044@1224|Proteobacteria,1S8TH@1236|Gammaproteobacteria,1XXVQ@135623|Vibrionales	135623|Vibrionales	S	RelB antitoxin	-	-	-	-	-	-	-	-	-	-	-	-	RelB
BAC60135.1	223926.28806864	3.15e-34	117.0	29VTS@1|root,30HBD@2|Bacteria,1QTBG@1224|Proteobacteria,1TIE4@1236|Gammaproteobacteria,1XYYM@135623|Vibrionales	135623|Vibrionales	-	-	-	-	-	-	-	-	-	-	-	-	-	-	-
BAC60160.1	223926.28806889	1.18e-54	170.0	2EUUC@1|root,31NB1@2|Bacteria,1QK22@1224|Proteobacteria,1TI4N@1236|Gammaproteobacteria,1XYD7@135623|Vibrionales	135623|Vibrionales	-	-	-	-	-	-	-	-	-	-	-	-	-	-	-
BAC60187.1	223926.28806916	1.39e-123	352.0	COG0526@1|root,COG0526@2|Bacteria,1RI3N@1224|Proteobacteria,1S5YV@1236|Gammaproteobacteria,1XWYU@135623|Vibrionales	135623|Vibrionales	CO	Thiol disulfide interchange protein dsbE	-	-	-	ko:K02199	-	-	-	-	ko00000,ko03110	-	-	-	Redoxin
BAC60202.1	223926.28806931	1.35e-113	326.0	COG2716@1|root,COG2716@2|Bacteria,1NAIN@1224|Proteobacteria,1SEAU@1236|Gammaproteobacteria,1XTJY@135623|Vibrionales	135623|Vibrionales	E	Glycine cleavage system regulatory protein	-	-	-	-	-	-	-	-	-	-	-	-	ACT_6
BAC60215.1	223926.28806944	5.14e-90	272.0	COG2931@1|root,COG2931@2|Bacteria,1MU7T@1224|Proteobacteria,1SI25@1236|Gammaproteobacteria,1XVQT@135623|Vibrionales	135623|Vibrionales	Q	Haemolysin-type calcium-binding repeat (2 copies)	-	-	-	-	-	-	-	-	-	-	-	-	HemolysinCabind
BAC60233.1	223926.28806962	6.53e-127	361.0	COG2917@1|root,COG2917@2|Bacteria,1NWIZ@1224|Proteobacteria,1RQAB@1236|Gammaproteobacteria,1XT4H@135623|Vibrionales	135623|Vibrionales	D	probably involved in intracellular septation	ispZ	-	-	ko:K06190	-	-	-	-	ko00000	-	-	-	IspA
BAC60240.1	223926.28806969	9.56e-51	160.0	2EG1V@1|root,339TV@2|Bacteria,1NI0B@1224|Proteobacteria,1SGIA@1236|Gammaproteobacteria,1XYCW@135623|Vibrionales	135623|Vibrionales	S	Domain of unknown function (DUF4250)	VC1707	-	-	-	-	-	-	-	-	-	-	-	DUF4250
BAC60246.1	223926.28806975	5.05e-161	451.0	COG0745@1|root,COG0745@2|Bacteria,1RA00@1224|Proteobacteria,1S23N@1236|Gammaproteobacteria,1XUTV@135623|Vibrionales	135623|Vibrionales	K	COG0745 Response regulators consisting of a CheY-like receiver domain and a winged-helix DNA-binding domain	-	-	-	-	-	-	-	-	-	-	-	-	Response_reg,Trans_reg_C
BAC60277.1	223926.28807007	0.0	2111.0	COG0243@1|root,COG0243@2|Bacteria,1P01N@1224|Proteobacteria,1RQK9@1236|Gammaproteobacteria,1XUGH@135623|Vibrionales	135623|Vibrionales	C	Belongs to the prokaryotic molybdopterin-containing oxidoreductase family	-	-	-	ko:K08357	ko00920,ko01120,ko02020,map00920,map01120,map02020	-	R10150	RC03109	ko00000,ko00001,ko02000	5.A.3.10	-	-	Molybdopterin,Molydop_binding
BAC60333.1	223926.28807063	6.84e-185	514.0	2AZSG@1|root,31S1S@2|Bacteria,1QJ9C@1224|Proteobacteria,1TH7Y@1236|Gammaproteobacteria,1XSAD@135623|Vibrionales	135623|Vibrionales	-	-	-	-	-	-	-	-	-	-	-	-	-	-	-
BAC60411.1	1219077.VAZ01S_004_00340	1.3e-36	124.0	2EFUY@1|root,339M4@2|Bacteria,1NGKE@1224|Proteobacteria,1SH9B@1236|Gammaproteobacteria,1XZ59@135623|Vibrionales	135623|Vibrionales	-	-	-	-	-	-	-	-	-	-	-	-	-	-	-
BAC60431.1	223926.28807161	0.0	1050.0	COG0668@1|root,COG0668@2|Bacteria,1N596@1224|Proteobacteria,1RQZP@1236|Gammaproteobacteria,1XVNX@135623|Vibrionales	135623|Vibrionales	M	Small-conductance mechanosensitive channel	-	-	-	ko:K03442	-	-	-	-	ko00000,ko02000	1.A.23.2	-	-	MS_channel
BAC60508.1	223926.28807238	1.66e-96	281.0	COG2882@1|root,COG2882@2|Bacteria,1NANM@1224|Proteobacteria,1SD9U@1236|Gammaproteobacteria,1XXD9@135623|Vibrionales	135623|Vibrionales	N	COG2882 Flagellar biosynthesis chaperone	fliJ	-	-	ko:K02413	ko02040,map02040	-	-	-	ko00000,ko00001,ko02035	-	-	-	FliJ
BAC60519.1	223926.28807249	0.0	1195.0	COG1345@1|root,COG1345@2|Bacteria,1MUVP@1224|Proteobacteria,1RS2S@1236|Gammaproteobacteria,1XU55@135623|Vibrionales	135623|Vibrionales	N	morphogenesis and for the elongation of the flagellar filament by facilitating polymerization of the flagellin monomers at the tip of growing filament. Forms a capping structure, which prevents flagellin subunits (transported through the central channel of the flagellum) from leaking out without polymerization at the distal end	fliD	GO:0001539,GO:0003674,GO:0005198,GO:0005575,GO:0005576,GO:0005623,GO:0006928,GO:0008150,GO:0009288,GO:0009420,GO:0009421,GO:0009424,GO:0009987,GO:0040011,GO:0042995,GO:0043226,GO:0043228,GO:0044422,GO:0044461,GO:0044463,GO:0044464,GO:0048870,GO:0051179,GO:0051674,GO:0071973,GO:0097588	-	ko:K02407	ko02040,map02040	-	-	-	ko00000,ko00001,ko02035	-	-	-	Flagellin_IN,FliD_C,FliD_N
BAC60635.1	223926.28807370	1.53e-39	130.0	2B2RH@1|root,31VBN@2|Bacteria,1QT8K@1224|Proteobacteria,1TIC2@1236|Gammaproteobacteria,1XYUI@135623|Vibrionales	135623|Vibrionales	-	-	-	-	-	-	-	-	-	-	-	-	-	-	-
BAC60639.1	223926.28807374	0.0	1207.0	COG3083@1|root,COG3083@2|Bacteria,1MX6X@1224|Proteobacteria,1RPAU@1236|Gammaproteobacteria,1XV81@135623|Vibrionales	135623|Vibrionales	S	Domain of unknown function (DUF3413)	-	-	-	ko:K07014	-	-	-	-	ko00000	-	-	-	DUF3413,Sulfatase
BAC60720.1	223926.28807455	0.0	912.0	COG0195@1|root,COG0195@2|Bacteria,1MWT7@1224|Proteobacteria,1RNQS@1236|Gammaproteobacteria,1XUW8@135623|Vibrionales	135623|Vibrionales	K	Participates in both transcription termination and antitermination	nusA	-	-	ko:K02600	-	-	-	-	ko00000,ko03009,ko03021	-	-	-	HHH_5,KH_5,NusA_N
BAC60734.1	223926.28807469	5.4e-311	847.0	COG0739@1|root,COG0739@2|Bacteria,1MVTF@1224|Proteobacteria,1RM7S@1236|Gammaproteobacteria,1XUZ4@135623|Vibrionales	135623|Vibrionales	M	COG0739 Membrane proteins related to metalloendopeptidases	yebA	-	-	-	-	-	-	-	-	-	-	-	OapA,OapA_N,Peptidase_M23
BAC60840.1	223926.28807587	1.75e-141	400.0	COG3073@1|root,COG3073@2|Bacteria,1R4U0@1224|Proteobacteria,1RN98@1236|Gammaproteobacteria,1XSUI@135623|Vibrionales	135623|Vibrionales	T	An anti-sigma factor for extracytoplasmic function (ECF) sigma factor sigma-E (RpoE). ECF sigma factors are held in an inactive form by an anti-sigma factor until released by regulated intramembrane proteolysis (RIP). RIP occurs when an extracytoplasmic signal triggers a concerted proteolytic cascade to transmit information and elicit cellular responses. The membrane-spanning regulatory substrate protein is first cut periplasmically (site-1 protease, S1P, DegS), then within the membrane itself (site-2 protease, S2P, RseP), while cytoplasmic proteases finish degrading the anti-sigma factor, liberating sigma-E	rseA	-	-	ko:K03597	-	-	-	-	ko00000,ko03021	-	-	-	RseA_C,RseA_N
BAC60883.1	223926.28807630	1.74e-96	281.0	2DP15@1|root,3303T@2|Bacteria,1N7NN@1224|Proteobacteria,1S90P@1236|Gammaproteobacteria,1XXF1@135623|Vibrionales	135623|Vibrionales	S	Domain of unknown function (DUF4426)	PP5099	-	-	-	-	-	-	-	-	-	-	-	DUF4426
BAC60895.1	223926.28807642	2.01e-243	668.0	COG1609@1|root,COG1609@2|Bacteria,1N4ND@1224|Proteobacteria,1RNR5@1236|Gammaproteobacteria,1Y2I2@135623|Vibrionales	135623|Vibrionales	K	Transcriptional regulator, LacI family	-	-	-	-	-	-	-	-	-	-	-	-	LacI,Peripla_BP_3
BAC60897.1	223926.28807644	0.0	875.0	COG1486@1|root,COG1486@2|Bacteria,1NI6G@1224|Proteobacteria,1RPG8@1236|Gammaproteobacteria,1XSYS@135623|Vibrionales	135623|Vibrionales	G	COG1486 Alpha-galactosidases 6-phospho-beta-glucosidases, family 4 of glycosyl hydrolases	celF	-	3.2.1.86	ko:K01222	ko00010,ko00500,map00010,map00500	-	R00839,R05133,R05134	RC00049,RC00171,RC00714	ko00000,ko00001,ko01000	-	GT4	-	Glyco_hydro_4,Glyco_hydro_4C
BAC60900.1	223926.28807647	9.79e-65	197.0	COG1440@1|root,COG1440@2|Bacteria,1MZHX@1224|Proteobacteria,1S94Q@1236|Gammaproteobacteria,1XYQ7@135623|Vibrionales	135623|Vibrionales	G	COG1440 Phosphotransferase system cellobiose-specific component IIB	celA	-	2.7.1.196,2.7.1.205	ko:K02760	ko00500,ko02060,map00500,map02060	M00275	R11170,R11172	RC00017,RC03206	ko00000,ko00001,ko00002,ko01000,ko02000	4.A.3.2	-	-	PTS_IIB
BAC60903.1	223926.28807650	6.8e-290	793.0	COG4325@1|root,COG4325@2|Bacteria,1MXTM@1224|Proteobacteria,1RNYZ@1236|Gammaproteobacteria,1XWKN@135623|Vibrionales	135623|Vibrionales	S	Predicted membrane protein (DUF2254)	-	-	-	-	-	-	-	-	-	-	-	-	DUF2254
BAC60930.1	223926.28807677	2.47e-131	372.0	COG3117@1|root,COG3117@2|Bacteria,1RA1Y@1224|Proteobacteria,1SDZE@1236|Gammaproteobacteria,1XSM1@135623|Vibrionales	135623|Vibrionales	S	Involved in the assembly of lipopolysaccharide (LPS). Required for the translocation of LPS from the inner membrane to the outer membrane. Facilitates the transfer of LPS from the inner membrane to the periplasmic protein LptA. Could be a docking site for LptA	lptC	-	-	ko:K11719	-	-	-	-	ko00000,ko02000	1.B.42.1	-	-	LptC
BAC60935.1	223926.28807682	4.56e-99	288.0	COG1762@1|root,COG1762@2|Bacteria,1RD0E@1224|Proteobacteria,1S668@1236|Gammaproteobacteria,1XWXU@135623|Vibrionales	135623|Vibrionales	G	Phosphotransferase system mannitol fructose-specific IIA domain (Ntr-type)	ptsN	-	-	ko:K02806	ko02060,map02060	-	-	-	ko00000,ko00001,ko01000,ko02000	-	-	-	PTS_EIIA_2
BAC60973.1	223926.28807720	6.91e-149	419.0	COG2197@1|root,COG2197@2|Bacteria,1R531@1224|Proteobacteria,1S18M@1236|Gammaproteobacteria,1XVDS@135623|Vibrionales	135623|Vibrionales	K	COG2197 Response regulator containing a CheY-like receiver domain and an HTH DNA-binding domain	-	-	-	ko:K04333	ko02026,map02026	-	-	-	ko00000,ko00001,ko03000	-	-	-	GerE
BAC60987.1	223926.28807734	5.45e-153	430.0	COG3637@1|root,COG3637@2|Bacteria,1R3QN@1224|Proteobacteria,1RY3J@1236|Gammaproteobacteria,1XUQF@135623|Vibrionales	135623|Vibrionales	M	Has lipid A 3-O-deacylase activity. Hydrolyzes the ester bond at the 3 position of lipid A, a bioactive component of lipopolysaccharide (LPS), thereby releasing the primary fatty acyl moiety	SO3905	-	-	-	-	-	-	-	-	-	-	-	OMP_b-brl
BAC60988.1	223926.28807735	7.78e-38	127.0	2AWMA@1|root,31NI1@2|Bacteria,1QK8S@1224|Proteobacteria,1TIC8@1236|Gammaproteobacteria,1XYUV@135623|Vibrionales	135623|Vibrionales	S	Phage shock protein G (Phageshock_PspG)	pspG	-	-	-	-	-	-	-	-	-	-	-	Phageshock_PspG
BAC60999.1	223926.28807746	2.22e-183	509.0	COG3137@1|root,COG3137@2|Bacteria,1N9KB@1224|Proteobacteria,1THEB@1236|Gammaproteobacteria,1XUUB@135623|Vibrionales	135623|Vibrionales	M	salt-induced outer membrane protein	VP2736	-	-	ko:K07283	-	-	-	-	ko00000	-	-	-	DUF481
BAC61011.1	223926.28807758	2e-135	384.0	COG3167@1|root,COG3167@2|Bacteria,1RBGW@1224|Proteobacteria,1S3XQ@1236|Gammaproteobacteria,1XVAF@135623|Vibrionales	135623|Vibrionales	NU	assembly protein PilO	pilO	-	-	ko:K02664	-	-	-	-	ko00000,ko02035,ko02044	-	-	-	PilO
BAC61012.1	223926.28807759	4.58e-134	380.0	COG3166@1|root,COG3166@2|Bacteria,1RF1S@1224|Proteobacteria,1S3S0@1236|Gammaproteobacteria,1XX7X@135623|Vibrionales	135623|Vibrionales	NU	assembly protein PilN	pilN	-	-	ko:K02663	-	-	-	-	ko00000,ko02035,ko02044	-	-	-	PilN
BAC61100.1	223926.28807863	2.43e-87	256.0	COG5652@1|root,COG5652@2|Bacteria,1NGE7@1224|Proteobacteria,1SGEP@1236|Gammaproteobacteria,1XXTD@135623|Vibrionales	135623|Vibrionales	S	VanZ like family	-	-	-	-	-	-	-	-	-	-	-	-	VanZ
BAC61135.1	223926.28807898	6.43e-88	258.0	2CHAB@1|root,32HZG@2|Bacteria,1RK3A@1224|Proteobacteria,1SB45@1236|Gammaproteobacteria,1XXRN@135623|Vibrionales	135623|Vibrionales	-	-	-	-	-	-	-	-	-	-	-	-	-	-	-
BAC61153.1	1219076.N646_1979	0.0	1444.0	COG1982@1|root,COG1982@2|Bacteria,1MWK4@1224|Proteobacteria,1RMVF@1236|Gammaproteobacteria,1XTCM@135623|Vibrionales	135623|Vibrionales	E	COG1982 Arginine lysine ornithine decarboxylases	cadA	-	4.1.1.18	ko:K01582	ko00310,ko00960,ko01100,ko01110,map00310,map00960,map01100,map01110	-	R00462	RC00299	ko00000,ko00001,ko01000	-	-	-	OKR_DC_1,OKR_DC_1_C,OKR_DC_1_N
BAC61224.1	223926.28807987	1.19e-136	387.0	COG3714@1|root,COG3714@2|Bacteria,1N6QN@1224|Proteobacteria,1SCQK@1236|Gammaproteobacteria,1XW1H@135623|Vibrionales	135623|Vibrionales	S	YhhN family	-	-	-	-	-	-	-	-	-	-	-	-	YhhN
BAC61401.1	223926.28808196	8.42e-60	184.0	2AWP3@1|root,31NK0@2|Bacteria,1QKAN@1224|Proteobacteria,1TIE6@1236|Gammaproteobacteria,1XYYR@135623|Vibrionales	135623|Vibrionales	-	-	-	-	-	-	-	-	-	-	-	-	-	-	-
BAC61406.1	223926.28808201	1.52e-148	417.0	COG3531@1|root,COG3531@2|Bacteria,1RA76@1224|Proteobacteria,1RSJ2@1236|Gammaproteobacteria,1XXC9@135623|Vibrionales	135623|Vibrionales	O	DSBA-like thioredoxin domain	-	-	-	ko:K07396	-	-	-	-	ko00000	-	-	-	DSBA
BAC61411.1	223926.28808206	1.18e-251	691.0	COG2199@1|root,COG2199@2|Bacteria,1MXY1@1224|Proteobacteria,1RXYD@1236|Gammaproteobacteria,1XVDE@135623|Vibrionales	135623|Vibrionales	T	COG2199 FOG GGDEF domain	cdgA	-	2.7.7.65	ko:K20956	ko05111,map05111	-	-	-	ko00000,ko00001,ko01000	-	-	-	GGDEF
BAC61436.1	223926.28808231	9.17e-150	421.0	COG0560@1|root,COG0560@2|Bacteria,1RKIX@1224|Proteobacteria,1S7JP@1236|Gammaproteobacteria,1XX2B@135623|Vibrionales	135623|Vibrionales	E	haloacid dehalogenase-like hydrolase	-	-	-	-	-	-	-	-	-	-	-	-	HAD
BAC61474.1	223926.28808269	1.26e-173	486.0	COG2145@1|root,COG2145@2|Bacteria,1MVES@1224|Proteobacteria,1RRAE@1236|Gammaproteobacteria,1XSM9@135623|Vibrionales	135623|Vibrionales	H	Catalyzes the phosphorylation of the hydroxyl group of 4-methyl-5-beta-hydroxyethylthiazole (THZ)	thiM	-	2.7.1.50	ko:K00878	ko00730,ko01100,map00730,map01100	M00127	R04448	RC00002,RC00017	ko00000,ko00001,ko00002,ko01000	-	-	-	HK
BAC61477.1	223926.28808272	3.12e-180	503.0	COG0600@1|root,COG0600@2|Bacteria,1N0FV@1224|Proteobacteria,1RPE6@1236|Gammaproteobacteria,1XSYY@135623|Vibrionales	135623|Vibrionales	P	Binding-protein-dependent transport system inner membrane component	-	-	-	ko:K15599	ko02010,map02010	M00442	-	-	ko00000,ko00001,ko00002,ko02000	3.A.1.17.3,3.A.1.17.6	-	-	BPD_transp_1
BAC61486.1	223926.28808281	2.99e-85	251.0	2AN7V@1|root,31D5W@2|Bacteria,1RJ19@1224|Proteobacteria,1S5V8@1236|Gammaproteobacteria,1XXU3@135623|Vibrionales	135623|Vibrionales	S	Protein of unknown function (DUF2810)	yibL	-	-	ko:K14762	-	-	-	-	ko00000,ko03009	-	-	-	DUF2810
BAC61500.1	223926.28808295	5.28e-146	411.0	COG3295@1|root,COG3295@2|Bacteria,1R9YV@1224|Proteobacteria,1S334@1236|Gammaproteobacteria,1XTIC@135623|Vibrionales	135623|Vibrionales	S	Putative PepSY_TM-like	-	-	-	ko:K09939	-	-	-	-	ko00000	-	-	-	PepSY_TM_like_2
BAC61561.1	223926.28808356	1.06e-128	365.0	COG0494@1|root,COG0494@2|Bacteria,1PC5J@1224|Proteobacteria,1S267@1236|Gammaproteobacteria,1XVIH@135623|Vibrionales	135623|Vibrionales	L	COG0494 NTP pyrophosphohydrolases including oxidative damage repair enzymes	-	-	-	-	-	-	-	-	-	-	-	-	NUDIX
BAC61567.1	223926.28808362	0.0	1239.0	COG0577@1|root,COG1136@1|root,COG0577@2|Bacteria,COG1136@2|Bacteria,1MU45@1224|Proteobacteria,1RNUJ@1236|Gammaproteobacteria,1XSYR@135623|Vibrionales	135623|Vibrionales	V	Part of the tripartite efflux system MacAB-TolC. MacB is a non-canonical ABC transporter that contains transmembrane domains (TMD), which form a pore in the inner membrane, and an ATP-binding domain (NBD), which is responsible for energy generation. Confers resistance against macrolides	macB	-	-	ko:K05685	ko02010,map02010	M00709	-	-	ko00000,ko00001,ko00002,ko01000,ko02000	3.A.1.122.1,3.A.1.122.12	-	-	ABC_tran,FtsX,MacB_PCD
BAC61571.1	223926.28808366	3.59e-69	209.0	2B5HP@1|root,31YCC@2|Bacteria,1QKDF@1224|Proteobacteria,1TIH4@1236|Gammaproteobacteria,1XZ46@135623|Vibrionales	135623|Vibrionales	-	-	-	-	-	-	-	-	-	-	-	-	-	-	-
BAC61575.1	223926.28808370	6.47e-243	667.0	COG1609@1|root,COG1609@2|Bacteria,1MUEP@1224|Proteobacteria,1RR6G@1236|Gammaproteobacteria,1XWUQ@135623|Vibrionales	135623|Vibrionales	K	helix_turn _helix lactose operon repressor	-	-	-	ko:K06145	-	-	-	-	ko00000,ko03000	-	-	-	LacI,Peripla_BP_3
BAC61600.1	223926.28808395	2.73e-55	172.0	COG3042@1|root,COG3042@2|Bacteria,1N8JF@1224|Proteobacteria,1SCRE@1236|Gammaproteobacteria,1XYGI@135623|Vibrionales	135623|Vibrionales	S	Hemolysin	-	-	-	ko:K09712	-	-	-	-	ko00000	-	-	-	DUF333
BAC61609.1	223926.28808404	1.05e-154	435.0	COG1843@1|root,COG1843@2|Bacteria,1R4QI@1224|Proteobacteria,1RRRM@1236|Gammaproteobacteria,1XTYI@135623|Vibrionales	135623|Vibrionales	N	Required for flagellar hook formation. May act as a scaffolding protein	flgD	-	-	ko:K02389	ko02040,map02040	-	-	-	ko00000,ko00001,ko02035	-	-	-	FLgD_tudor,FlgD,FlgD_ig
BAC61621.1	223926.28808416	5.12e-243	667.0	COG1304@1|root,COG1304@2|Bacteria,1N6KI@1224|Proteobacteria,1RP1W@1236|Gammaproteobacteria,1XW3Q@135623|Vibrionales	135623|Vibrionales	C	Involved in the biosynthesis of isoprenoids. Catalyzes the 1,3-allylic rearrangement of the homoallylic substrate isopentenyl (IPP) to its allylic isomer, dimethylallyl diphosphate (DMAPP)	fni	-	5.3.3.2	ko:K01823	ko00900,ko01100,ko01110,ko01130,map00900,map01100,map01110,map01130	M00095,M00096,M00364,M00365,M00366,M00367	R01123	RC00455	ko00000,ko00001,ko00002,ko01000	-	-	-	FMN_dh
BAC61622.1	223926.28808417	7.77e-33	115.0	2EK1G@1|root,33DRY@2|Bacteria,1NH6C@1224|Proteobacteria,1SGMZ@1236|Gammaproteobacteria,1XYPN@135623|Vibrionales	135623|Vibrionales	S	Protein of unknown function (DUF3012)	-	-	-	-	-	-	-	-	-	-	-	-	DUF3012
BAC61646.1	223926.28808469	3.65e-169	473.0	COG1349@1|root,COG1349@2|Bacteria,1MV49@1224|Proteobacteria,1RRR5@1236|Gammaproteobacteria,1XWBG@135623|Vibrionales	135623|Vibrionales	K	DeoR C terminal sensor domain	-	-	-	-	-	-	-	-	-	-	-	-	DeoRC,HTH_DeoR
BAC61651.1	223926.28808474	8.75e-179	497.0	COG1051@1|root,COG1051@2|Bacteria,1QTT4@1224|Proteobacteria,1RQ35@1236|Gammaproteobacteria,1XUIX@135623|Vibrionales	135623|Vibrionales	F	COG1051 ADP-ribose pyrophosphatase	-	-	-	-	-	-	-	-	-	-	-	-	NUDIX
BAC61710.1	223926.28808533	6.57e-253	693.0	COG0687@1|root,COG0687@2|Bacteria,1MUYW@1224|Proteobacteria,1RM7W@1236|Gammaproteobacteria,1XUI9@135623|Vibrionales	135623|Vibrionales	P	Required for the activity of the bacterial periplasmic transport system of putrescine	-	-	-	ko:K11069	ko02010,map02010	M00299	-	-	ko00000,ko00001,ko00002,ko02000	3.A.1.11.1	-	-	SBP_bac_8
BAC61730.1	223926.28808553	7.36e-222	612.0	COG0583@1|root,COG0583@2|Bacteria,1MW16@1224|Proteobacteria,1SYHI@1236|Gammaproteobacteria,1Y2T6@135623|Vibrionales	135623|Vibrionales	K	Transcriptional regulator	-	-	-	-	-	-	-	-	-	-	-	-	HTH_1,LysR_substrate
BAC61737.1	223926.28808560	5.66e-234	645.0	COG1566@1|root,COG1566@2|Bacteria,1RF62@1224|Proteobacteria,1S5PR@1236|Gammaproteobacteria,1XTXG@135623|Vibrionales	135623|Vibrionales	V	HlyD family secretion protein	-	-	-	-	-	-	-	-	-	-	-	-	HlyD_3
BAC61840.1	223926.28808663	7.02e-75	224.0	COG0640@1|root,COG0640@2|Bacteria,1N7I7@1224|Proteobacteria,1SQPT@1236|Gammaproteobacteria,1XYC8@135623|Vibrionales	135623|Vibrionales	K	transcriptional regulators	-	-	-	-	-	-	-	-	-	-	-	-	HTH_20,HTH_5
BAC61847.1	223926.28808670	3.3e-180	501.0	COG1072@1|root,COG1072@2|Bacteria,1RA07@1224|Proteobacteria,1S2M0@1236|Gammaproteobacteria,1XWP1@135623|Vibrionales	135623|Vibrionales	H	Phosphoribulokinase / Uridine kinase family	-	-	-	ko:K02173	-	-	-	-	ko00000	-	-	-	PRK
BAC61871.1	223926.28808694	2.17e-147	414.0	COG0179@1|root,COG0179@2|Bacteria,1MVFA@1224|Proteobacteria,1S8KH@1236|Gammaproteobacteria,1XTE3@135623|Vibrionales	135623|Vibrionales	Q	COG0179 2-keto-4-pentenoate hydratase 2-oxohepta-3-ene-1,7-dioic acid hydratase (catechol pathway)	-	-	-	-	-	-	-	-	-	-	-	-	FAA_hydrolase
BAC61893.1	223926.28808716	1.1e-126	360.0	2A3K4@1|root,30S36@2|Bacteria,1QK1F@1224|Proteobacteria,1TI3Z@1236|Gammaproteobacteria,1XYBH@135623|Vibrionales	135623|Vibrionales	-	-	-	-	-	-	-	-	-	-	-	-	-	-	-
BAC61899.1	223926.28808722	0.0	935.0	COG0834@1|root,COG2199@1|root,COG0834@2|Bacteria,COG2199@2|Bacteria,1RGCV@1224|Proteobacteria,1T39P@1236|Gammaproteobacteria,1Y34Q@135623|Vibrionales	135623|Vibrionales	ET	Bacterial extracellular solute-binding proteins, family 3	-	-	-	-	-	-	-	-	-	-	-	-	GGDEF,SBP_bac_3
BAC61915.1	223926.28808738	2.05e-201	559.0	COG3965@1|root,COG3965@2|Bacteria,1RFDX@1224|Proteobacteria,1S556@1236|Gammaproteobacteria,1XSQT@135623|Vibrionales	135623|Vibrionales	P	Co Zn Cd cation transporters	-	-	-	-	-	-	-	-	-	-	-	-	Cation_efflux
BAC61916.1	223926.28808739	1.73e-215	594.0	COG0583@1|root,COG0583@2|Bacteria,1NR3D@1224|Proteobacteria,1RWFP@1236|Gammaproteobacteria,1XV3V@135623|Vibrionales	135623|Vibrionales	K	Transcriptional regulator	-	-	-	-	-	-	-	-	-	-	-	-	HTH_1,LysR_substrate
BAC61936.1	223926.28808759	1.05e-167	469.0	COG1414@1|root,COG1414@2|Bacteria,1R57R@1224|Proteobacteria,1S4GT@1236|Gammaproteobacteria,1XSUP@135623|Vibrionales	135623|Vibrionales	K	Transcriptional regulator	-	-	-	-	-	-	-	-	-	-	-	-	HTH_11,HTH_20,HTH_IclR,IclR
BAC62013.1	1116375.VEJY3_18986	5.21e-15	69.3	2AWVR@1|root,31NJU@2|Bacteria,1QKAH@1224|Proteobacteria,1TIE1@1236|Gammaproteobacteria,1XYYH@135623|Vibrionales	135623|Vibrionales	-	-	-	-	-	-	-	-	-	-	-	-	-	-	-
BAC62019.1	223926.28808911	1.99e-40	133.0	2B56R@1|root,31Y0N@2|Bacteria,1QKBU@1224|Proteobacteria,1TIFA@1236|Gammaproteobacteria,1XZ0Z@135623|Vibrionales	135623|Vibrionales	-	-	-	-	-	-	-	-	-	-	-	-	-	-	-
BAC62023.1	223926.28808915	0.0	1062.0	COG3119@1|root,COG3119@2|Bacteria,1MUJH@1224|Proteobacteria,1RN2V@1236|Gammaproteobacteria,1XSD5@135623|Vibrionales	135623|Vibrionales	P	Arylsulfatase	-	-	3.1.6.1	ko:K01130	ko00140,ko00600,map00140,map00600	-	R03980,R04856	RC00128,RC00231	ko00000,ko00001,ko01000	-	-	-	Sulfatase,Sulfatase_C
BAC62026.1	223926.28808918	0.0	1048.0	COG3119@1|root,COG3119@2|Bacteria,1MUJH@1224|Proteobacteria,1RN2V@1236|Gammaproteobacteria,1XSD5@135623|Vibrionales	135623|Vibrionales	P	Arylsulfatase	-	-	3.1.6.1	ko:K01130	ko00140,ko00600,map00140,map00600	-	R03980,R04856	RC00128,RC00231	ko00000,ko00001,ko01000	-	-	-	Sulfatase,Sulfatase_C
BAC62037.1	223926.28808929	2.29e-70	212.0	COG3111@1|root,COG3111@2|Bacteria,1N9HJ@1224|Proteobacteria,1SCD7@1236|Gammaproteobacteria,1XYD1@135623|Vibrionales	135623|Vibrionales	S	Bacterial OB fold (BOF) protein	-	-	-	-	-	-	-	-	-	-	-	-	BOF
BAC62052.1	223926.28808944	5.7e-139	393.0	COG1011@1|root,COG1011@2|Bacteria,1PGNF@1224|Proteobacteria,1RRDC@1236|Gammaproteobacteria,1XVRH@135623|Vibrionales	135623|Vibrionales	S	hydrolase (HAD superfamily)	-	-	-	ko:K07025	-	-	-	-	ko00000	-	-	-	HAD_2
BAC62080.1	223926.28808972	1.35e-281	769.0	COG2200@1|root,COG2200@2|Bacteria,1N299@1224|Proteobacteria,1S1MD@1236|Gammaproteobacteria,1XTY5@135623|Vibrionales	135623|Vibrionales	T	COG0784 FOG CheY-like receiver	-	-	-	-	-	-	-	-	-	-	-	-	EAL,Response_reg
BAC62095.1	223926.28808987	8.36e-81	240.0	COG3788@1|root,COG3788@2|Bacteria,1RDHP@1224|Proteobacteria,1S3PN@1236|Gammaproteobacteria,1XXEP@135623|Vibrionales	135623|Vibrionales	S	relative of glutathione S-transferase, MAPEG superfamily	-	-	-	ko:K07136	-	-	-	-	ko00000	-	-	-	MAPEG
BAC62190.1	223926.28809082	2.08e-157	440.0	2AVVY@1|root,31MPS@2|Bacteria,1QJH3@1224|Proteobacteria,1THGW@1236|Gammaproteobacteria,1XVRR@135623|Vibrionales	135623|Vibrionales	-	-	VCA0537	-	-	-	-	-	-	-	-	-	-	-	-
BAC62261.1	223926.28809219	4.4e-214	590.0	2BTFF@1|root,32NMR@2|Bacteria,1QJBY@1224|Proteobacteria,1THAZ@1236|Gammaproteobacteria,1XSXM@135623|Vibrionales	135623|Vibrionales	S	Protein of unknown function (DUF2861)	-	-	-	-	-	-	-	-	-	-	-	-	DUF2861
BAC62267.1	223926.28809225	5.57e-83	245.0	2E4HY@1|root,33HKA@2|Bacteria,1NIGQ@1224|Proteobacteria,1SHKJ@1236|Gammaproteobacteria,1XXT7@135623|Vibrionales	135623|Vibrionales	S	Late competence development protein ComFB	-	-	-	-	-	-	-	-	-	-	-	-	ComFB
BAC62290.1	223926.28809248	4.46e-66	201.0	COG0640@1|root,COG0640@2|Bacteria,1N72Q@1224|Proteobacteria,1SCH5@1236|Gammaproteobacteria,1XYDG@135623|Vibrionales	135623|Vibrionales	K	Transcriptional regulator ArsR family	-	-	-	-	-	-	-	-	-	-	-	-	HTH_20,HTH_5
BAC62328.1	223926.28809286	1.75e-194	540.0	COG2116@1|root,COG2116@2|Bacteria,1MU0W@1224|Proteobacteria,1RQ6K@1236|Gammaproteobacteria,1XVKN@135623|Vibrionales	135623|Vibrionales	P	COG2116 Formate nitrite family of transporters	-	-	-	-	-	-	-	-	-	-	-	-	Form_Nir_trans
BAC62341.1	223926.28809299	3.96e-45	146.0	2DNTE@1|root,32Z25@2|Bacteria,1QK3E@1224|Proteobacteria,1TI67@1236|Gammaproteobacteria,1XYGR@135623|Vibrionales	135623|Vibrionales	-	-	-	-	-	-	-	-	-	-	-	-	-	-	-
BAC62364.1	223926.28809322	3.14e-90	264.0	COG1574@1|root,COG1574@2|Bacteria,1P03B@1224|Proteobacteria,1SRVJ@1236|Gammaproteobacteria,1XXH0@135623|Vibrionales	135623|Vibrionales	S	Cystatin domain	-	-	-	-	-	-	-	-	-	-	-	-	Cystatin
BAC62375.1	223926.28809333	2.58e-183	510.0	COG4455@1|root,COG4455@2|Bacteria,1MWHI@1224|Proteobacteria,1RXYE@1236|Gammaproteobacteria,1XVFU@135623|Vibrionales	135623|Vibrionales	S	ImpE protein	VPA1032	-	-	ko:K11898	-	-	-	-	ko00000,ko02044	-	-	-	ImpE
BAC62424.1	223926.28809382	1.35e-42	139.0	2B6S2@1|root,31ZR1@2|Bacteria,1QKJ3@1224|Proteobacteria,1TIPE@1236|Gammaproteobacteria,1XZEZ@135623|Vibrionales	135623|Vibrionales	-	-	VPA1081	-	-	-	-	-	-	-	-	-	-	-	-
BAC62431.1	223926.28809389	0.0	1552.0	COG5001@1|root,COG5001@2|Bacteria,1PRV9@1224|Proteobacteria,1RZHM@1236|Gammaproteobacteria,1XSCI@135623|Vibrionales	135623|Vibrionales	T	COG2199 FOG GGDEF domain	mbaA	GO:0007154,GO:0007165,GO:0008150,GO:0009987,GO:0023052,GO:0050789,GO:0050794,GO:0050896,GO:0051716,GO:0065007	3.1.4.52	ko:K20966	ko05111,map05111	-	-	-	ko00000,ko00001,ko01000	-	-	-	EAL,GGDEF
BAC62434.1	223926.28809392	9.09e-149	419.0	COG1376@1|root,COG1376@2|Bacteria,1RA7Q@1224|Proteobacteria,1S5JW@1236|Gammaproteobacteria,1XVZN@135623|Vibrionales	135623|Vibrionales	S	L,D-transpeptidase catalytic domain	-	-	-	-	-	-	-	-	-	-	-	-	YkuD_2
BAC62491.1	223926.28809516	1.23e-185	517.0	COG0410@1|root,COG0410@2|Bacteria,1MVVC@1224|Proteobacteria,1RMK8@1236|Gammaproteobacteria,1Y2HM@135623|Vibrionales	135623|Vibrionales	E	branched-chain amino acid transport	-	-	-	ko:K01996	ko02010,ko02024,map02010,map02024	M00237	-	-	ko00000,ko00001,ko00002,ko02000	3.A.1.4	-	-	ABC_tran
BAC62529.1	223926.28809554	2.07e-237	652.0	COG2885@1|root,COG3637@1|root,COG2885@2|Bacteria,COG3637@2|Bacteria,1N6EM@1224|Proteobacteria,1SBXG@1236|Gammaproteobacteria,1XU00@135623|Vibrionales	135623|Vibrionales	M	Belongs to the ompA family	-	-	-	ko:K03286	-	-	-	-	ko00000,ko02000	1.B.6	-	-	OMP_b-brl,OmpA,OmpA_membrane
BAC62541.1	223926.28809566	2.13e-64	196.0	COG3062@1|root,COG3062@2|Bacteria,1NGMR@1224|Proteobacteria,1SGGG@1236|Gammaproteobacteria,1XXWG@135623|Vibrionales	135623|Vibrionales	P	protein involved in formation of periplasmic nitrate reductase	napD	-	-	ko:K02570	-	-	-	-	ko00000	-	-	-	NapD
BAC62554.1	223926.28809579	8.18e-141	399.0	2EVF3@1|root,33NVI@2|Bacteria,1NPYI@1224|Proteobacteria,1SV5C@1236|Gammaproteobacteria,1XW0P@135623|Vibrionales	135623|Vibrionales	-	-	-	-	-	-	-	-	-	-	-	-	-	-	SH3_3
BAC62567.1	223926.28809592	5.29e-40	132.0	2AWX6@1|root,31NUS@2|Bacteria,1QKIF@1224|Proteobacteria,1TINP@1236|Gammaproteobacteria,1XZDR@135623|Vibrionales	135623|Vibrionales	-	-	-	-	-	-	-	-	-	-	-	-	-	-	-
BAC62626.1	223926.28809651	2.03e-291	795.0	COG0477@1|root,COG2814@2|Bacteria,1MVHG@1224|Proteobacteria,1RQ1W@1236|Gammaproteobacteria,1XV8M@135623|Vibrionales	135623|Vibrionales	EGP	COG0477 Permeases of the major facilitator superfamily	-	-	-	-	-	-	-	-	-	-	-	-	MFS_1
BAC62760.1	223926.28809785	3.19e-145	409.0	COG0625@1|root,COG0625@2|Bacteria,1MXHH@1224|Proteobacteria,1RNWZ@1236|Gammaproteobacteria,1XUJ2@135623|Vibrionales	135623|Vibrionales	O	glutathione S-transferase	-	-	-	-	-	-	-	-	-	-	-	-	GST_C,GST_C_3,GST_N
BAC62786.1	223926.28809811	4.22e-303	828.0	COG0845@1|root,COG0845@2|Bacteria,1MUI8@1224|Proteobacteria,1RNK4@1236|Gammaproteobacteria,1XVAQ@135623|Vibrionales	135623|Vibrionales	M	COG0845 Membrane-fusion protein	-	-	-	ko:K02022	-	-	-	-	ko00000	-	-	-	Biotin_lipoyl_2,HlyD,HlyD_3
BAC62788.1	223926.28809813	2.49e-61	196.0	COG2931@1|root,COG2931@2|Bacteria,1MU7T@1224|Proteobacteria,1RNK8@1236|Gammaproteobacteria,1XXRR@135623|Vibrionales	135623|Vibrionales	Q	Haemolysin-type calcium-binding repeat (2 copies)	-	-	-	-	-	-	-	-	-	-	-	-	HemolysinCabind
BAC62789.1	223926.28809814	5.9e-152	427.0	COG2197@1|root,COG2197@2|Bacteria,1MXI3@1224|Proteobacteria,1RNEY@1236|Gammaproteobacteria,1XUE2@135623|Vibrionales	135623|Vibrionales	K	helix_turn_helix, Lux Regulon	-	-	-	-	-	-	-	-	-	-	-	-	GerE
BAC62796.1	223926.28809855	9.38e-115	328.0	2C5QF@1|root,331W9@2|Bacteria,1N7AE@1224|Proteobacteria,1SCH2@1236|Gammaproteobacteria,1XXHT@135623|Vibrionales	135623|Vibrionales	S	Domain of unknown function (DUF4381)	-	-	-	-	-	-	-	-	-	-	-	-	DUF4381
BAC62821.1	223926.28809880	0.0	1015.0	COG0457@1|root,COG2199@1|root,COG0457@2|Bacteria,COG3706@2|Bacteria,1NC00@1224|Proteobacteria,1SNFZ@1236|Gammaproteobacteria,1XSA5@135623|Vibrionales	135623|Vibrionales	T	COG2199 FOG GGDEF domain	-	-	-	-	-	-	-	-	-	-	-	-	GGDEF
BAC62823.1	223926.28809882	1.91e-259	712.0	COG1566@1|root,COG1566@2|Bacteria,1NAMI@1224|Proteobacteria,1RP4N@1236|Gammaproteobacteria,1XUYE@135623|Vibrionales	135623|Vibrionales	V	multidrug resistance efflux pump	-	-	-	-	-	-	-	-	-	-	-	-	Biotin_lipoyl_2,HlyD_D23
BAC62827.1	223926.28809886	4.8e-273	748.0	COG2223@1|root,COG2223@2|Bacteria,1MW71@1224|Proteobacteria,1RN10@1236|Gammaproteobacteria,1XSI0@135623|Vibrionales	135623|Vibrionales	P	COG0477 Permeases of the major facilitator superfamily	-	-	-	-	-	-	-	-	-	-	-	-	MFS_1
BAC62828.1	223926.28809887	1.06e-196	546.0	COG0348@1|root,COG0348@2|Bacteria,1MWR5@1224|Proteobacteria,1RQ1I@1236|Gammaproteobacteria,1XTU5@135623|Vibrionales	135623|Vibrionales	C	Quinol dehydrogenase	napH	-	-	ko:K02574	-	-	-	-	ko00000	-	-	-	Fer4_5,Fer4_6,Fer4_9
BAC62846.1	223926.28809905	2.05e-229	632.0	COG5430@1|root,COG5430@2|Bacteria,1RC7J@1224|Proteobacteria,1RNQT@1236|Gammaproteobacteria	1236|Gammaproteobacteria	S	spore coat U domain protein	csuE	-	-	-	-	-	-	-	-	-	-	-	SCPU
BAC62891.1	223926.28809950	1.84e-181	507.0	COG1344@1|root,COG1344@2|Bacteria,1MV1N@1224|Proteobacteria,1RYIJ@1236|Gammaproteobacteria,1XUYM@135623|Vibrionales	135623|Vibrionales	N	Flagellin is the subunit protein which polymerizes to form the filaments of bacterial flagella	hag	GO:0005575,GO:0005576,GO:0005623,GO:0009288,GO:0042995,GO:0043226,GO:0043228,GO:0044464	-	ko:K02406	ko02020,ko02040,ko04621,ko04626,ko05132,ko05134,map02020,map02040,map04621,map04626,map05132,map05134	-	-	-	ko00000,ko00001,ko02035	-	-	-	Flagellin_C,Flagellin_N
BAC62910.1	223926.28809969	0.0	1601.0	COG1882@1|root,COG1882@2|Bacteria,1MWBF@1224|Proteobacteria,1RMEK@1236|Gammaproteobacteria,1XT51@135623|Vibrionales	135623|Vibrionales	C	Pyruvate formate lyase-like	-	-	2.3.1.54	ko:K00656	ko00620,ko00640,ko00650,ko01100,ko01120,map00620,map00640,map00650,map01100,map01120	-	R00212,R06987	RC00004,RC01181,RC02742,RC02833	ko00000,ko00001,ko01000	-	-	-	Gly_radical,PFL-like
BAC62917.1	223926.28809976	1.43e-271	744.0	COG0477@1|root,COG2814@2|Bacteria,1P8JD@1224|Proteobacteria,1T1SC@1236|Gammaproteobacteria,1XTPT@135623|Vibrionales	135623|Vibrionales	P	COG0477 Permeases of the major facilitator superfamily	mdtL	-	-	ko:K08163	-	-	-	-	ko00000,ko02000	2.A.1.2.22	-	-	MFS_1
BAC62932.1	223926.28809991	5.39e-222	612.0	COG0583@1|root,COG0583@2|Bacteria,1MZZP@1224|Proteobacteria,1RNX9@1236|Gammaproteobacteria,1XU95@135623|Vibrionales	135623|Vibrionales	K	Transcriptional regulator, LysR family	-	-	-	-	-	-	-	-	-	-	-	-	HTH_1,LysR_substrate
BAC62933.1	223926.28809992	1.67e-65	199.0	COG1359@1|root,COG1359@2|Bacteria,1NGPW@1224|Proteobacteria,1SB35@1236|Gammaproteobacteria,1XY1X@135623|Vibrionales	135623|Vibrionales	S	Antibiotic biosynthesis monooxygenase	-	-	-	-	-	-	-	-	-	-	-	-	ABM
BAC62943.1	223926.28810002	1.74e-137	390.0	COG2095@1|root,COG2095@2|Bacteria,1MV1C@1224|Proteobacteria,1RPM8@1236|Gammaproteobacteria,1XUAB@135623|Vibrionales	135623|Vibrionales	U	UPF0056 membrane protein	snatA	-	-	ko:K05595	-	-	-	-	ko00000,ko02000	2.A.95.1	-	-	MarC
BAC62950.1	223926.28810009	5.72e-207	573.0	COG0583@1|root,COG0583@2|Bacteria,1MZTA@1224|Proteobacteria,1RN7R@1236|Gammaproteobacteria,1XU5M@135623|Vibrionales	135623|Vibrionales	K	Transcriptional regulator	VPA1607	-	-	-	-	-	-	-	-	-	-	-	HTH_1,LysR_substrate
BAC62959.1	223926.28810018	0.0	1409.0	COG0366@1|root,COG0366@2|Bacteria,1MU90@1224|Proteobacteria,1RQ1S@1236|Gammaproteobacteria,1XURK@135623|Vibrionales	135623|Vibrionales	G	alpha-amylase	malS	-	3.2.1.1	ko:K01176	ko00500,ko01100,ko04973,map00500,map01100,map04973	-	R02108,R02112,R11262	-	ko00000,ko00001,ko01000	-	GH13	-	Alpha-amylase
BAC62979.1	223926.28810038	3.27e-129	367.0	2BG47@1|root,32A0X@2|Bacteria,1QJKK@1224|Proteobacteria,1THM7@1236|Gammaproteobacteria,1XWNA@135623|Vibrionales	135623|Vibrionales	-	-	-	-	-	-	-	-	-	-	-	-	-	-	-
BAC63001.1	223926.28810060	1.28e-298	813.0	COG2232@1|root,COG2232@2|Bacteria,1QW2V@1224|Proteobacteria,1T2QR@1236|Gammaproteobacteria,1XUTR@135623|Vibrionales	135623|Vibrionales	S	ATP-grasp domain	-	-	-	-	-	-	-	-	-	-	-	-	-
BAC63003.1	223926.28810062	2.34e-284	777.0	COG0477@1|root,COG0477@2|Bacteria,1R8RW@1224|Proteobacteria,1SYEU@1236|Gammaproteobacteria,1XSEC@135623|Vibrionales	135623|Vibrionales	EGP	Major Facilitator Superfamily	-	-	-	-	-	-	-	-	-	-	-	-	MFS_1,Sugar_tr
BAC63005.1	223926.28810064	6.38e-302	822.0	COG0019@1|root,COG0019@2|Bacteria,1MUA6@1224|Proteobacteria,1RM8C@1236|Gammaproteobacteria,1XWP5@135623|Vibrionales	135623|Vibrionales	E	Pyridoxal-dependent decarboxylase, pyridoxal binding domain	-	-	4.1.1.20	ko:K01586	ko00300,ko01100,ko01110,ko01120,ko01130,ko01230,map00300,map01100,map01110,map01120,map01130,map01230	M00016,M00525,M00526,M00527	R00451	RC00299	ko00000,ko00001,ko00002,ko01000	-	-	-	Orn_Arg_deC_N,Orn_DAP_Arg_deC
BAC63044.1	223926.28810103	7.18e-189	524.0	COG2186@1|root,COG2186@2|Bacteria,1MY1K@1224|Proteobacteria,1RMUE@1236|Gammaproteobacteria,1XVWP@135623|Vibrionales	135623|Vibrionales	K	COG2186 Transcriptional regulators	uxuR	-	-	ko:K13637	-	-	-	-	ko00000,ko03000	-	-	-	FCD,GntR
BAC63066.1	223926.28810125	2.36e-130	370.0	COG1670@1|root,COG1670@2|Bacteria,1RG0D@1224|Proteobacteria,1S5K0@1236|Gammaproteobacteria,1XX6T@135623|Vibrionales	135623|Vibrionales	J	COG1670 Acetyltransferases, including N-acetylases of ribosomal proteins	-	-	-	-	-	-	-	-	-	-	-	-	Acetyltransf_3
BAC63092.1	223926.28810151	0.0	1053.0	COG1315@1|root,COG1315@2|Bacteria,1R40D@1224|Proteobacteria,1RZ2U@1236|Gammaproteobacteria,1XT9Y@135623|Vibrionales	135623|Vibrionales	L	polymerase, most proteins contain PALM domain, HD hydrolase domain and Zn-ribbon domain	-	-	-	ko:K09749	-	-	-	-	ko00000	-	-	-	FapA
BAC92891.1	672.VV93_v1c01140	2.79e-137	392.0	COG1309@1|root,COG1309@2|Bacteria,1MUJ5@1224|Proteobacteria,1RN9W@1236|Gammaproteobacteria,1XUMQ@135623|Vibrionales	135623|Vibrionales	K	Transcriptional regulator	fabR	-	-	ko:K22105	-	-	-	-	ko00000,ko03000	-	-	-	TetR_N
BAC93806.1	672.VV93_v1c09650	2.25e-45	146.0	2EGR8@1|root,33AHD@2|Bacteria,1QTRG@1224|Proteobacteria,1SUI3@1236|Gammaproteobacteria,1XYXP@135623|Vibrionales	135623|Vibrionales	S	FeoC like transcriptional regulator	VV1042	-	-	ko:K10123	-	-	-	-	ko00000,ko02000	-	-	-	FeoC
BAC94842.1	672.VV93_v1c18420	4.48e-34	117.0	29VTS@1|root,30HBD@2|Bacteria,1QTBG@1224|Proteobacteria,1TIE4@1236|Gammaproteobacteria,1XYYM@135623|Vibrionales	135623|Vibrionales	-	-	-	-	-	-	-	-	-	-	-	-	-	-	-
BAC94943.1	672.VV93_v1c19200	0.0	1194.0	COG2407@1|root,COG2407@2|Bacteria,1MVD3@1224|Proteobacteria,1RYI3@1236|Gammaproteobacteria,1XVU8@135623|Vibrionales	135623|Vibrionales	G	Converts the aldose L-fucose into the corresponding ketose L-fuculose	fucI	-	5.3.1.25,5.3.1.3	ko:K01818	ko00051,ko01120,map00051,map01120	-	R03163	RC00434	ko00000,ko00001,ko01000	-	-	-	Fucose_iso_C,Fucose_iso_N1,Fucose_iso_N2
BAC94954.1	672.VV93_v1c19300	2.43e-91	266.0	COG3809@1|root,COG3809@2|Bacteria,1N33W@1224|Proteobacteria,1SASZ@1236|Gammaproteobacteria,1XX6D@135623|Vibrionales	135623|Vibrionales	S	Transcription factor zinc-finger	-	-	-	-	-	-	-	-	-	-	-	-	zf-TFIIB
BAC96127.1	1219076.N646_3364	9.39e-259	707.0	COG3631@1|root,COG3631@2|Bacteria,1MXQF@1224|Proteobacteria,1RZNF@1236|Gammaproteobacteria,1XW0H@135623|Vibrionales	135623|Vibrionales	S	SnoaL-like domain	-	-	-	-	-	-	-	-	-	-	-	-	SnoaL_2
BAC96128.1	674977.VMC_05350	2.11e-309	843.0	COG0477@1|root,COG2814@2|Bacteria,1QSBF@1224|Proteobacteria,1SZ1E@1236|Gammaproteobacteria,1XSS4@135623|Vibrionales	135623|Vibrionales	P	Sugar (and other) transporter	-	-	-	-	-	-	-	-	-	-	-	-	MFS_1
BAC96129.1	674977.VMC_05340	0.0	939.0	COG0591@1|root,COG0591@2|Bacteria,1QUXM@1224|Proteobacteria,1T251@1236|Gammaproteobacteria,1XUS1@135623|Vibrionales	135623|Vibrionales	E	Belongs to the sodium solute symporter (SSF) (TC 2.A.21) family	-	-	-	ko:K03307	-	-	-	-	ko00000	2.A.21	-	-	SSF
BAC97591.1	672.VV93_v1c44460	0.0	868.0	COG1486@1|root,COG1486@2|Bacteria,1NI6G@1224|Proteobacteria,1RPG8@1236|Gammaproteobacteria,1XSYS@135623|Vibrionales	135623|Vibrionales	G	COG1486 Alpha-galactosidases 6-phospho-beta-glucosidases, family 4 of glycosyl hydrolases	-	-	3.2.1.86	ko:K01222	ko00010,ko00500,map00010,map00500	-	R00839,R05133,R05134	RC00049,RC00171,RC00714	ko00000,ko00001,ko01000	-	GT4	-	Glyco_hydro_4,Glyco_hydro_4C
CAL09441.1	177416.FTT_1425c	0.0	1109.0	COG0446@1|root,COG0607@1|root,COG0446@2|Bacteria,COG0607@2|Bacteria,1NR3M@1224|Proteobacteria,1T1WT@1236|Gammaproteobacteria,463UN@72273|Thiotrichales	72273|Thiotrichales	P	Pyridine nucleotide-disulphide oxidoreductase	-	-	-	-	-	-	-	-	-	-	-	-	Pyr_redox_2,Pyr_redox_dim,Reductase_C,Rhodanese
CAV17302.1	1191299.AJYX01000042_gene2370	9.82e-82	243.0	COG0360@1|root,COG0360@2|Bacteria,1RH82@1224|Proteobacteria,1S5VU@1236|Gammaproteobacteria,1XWUY@135623|Vibrionales	135623|Vibrionales	J	Binds together with S18 to 16S ribosomal RNA	rpsF	GO:0003674,GO:0003676,GO:0003723,GO:0003735,GO:0005198,GO:0005488,GO:0005575,GO:0005622,GO:0005623,GO:0005737,GO:0005829,GO:0005840,GO:0006412,GO:0006518,GO:0006807,GO:0008150,GO:0008152,GO:0009058,GO:0009059,GO:0009987,GO:0010467,GO:0015935,GO:0019538,GO:0019843,GO:0022626,GO:0022627,GO:0032991,GO:0034641,GO:0034645,GO:0043043,GO:0043170,GO:0043226,GO:0043228,GO:0043229,GO:0043232,GO:0043603,GO:0043604,GO:0044237,GO:0044238,GO:0044249,GO:0044260,GO:0044267,GO:0044271,GO:0044391,GO:0044422,GO:0044424,GO:0044444,GO:0044445,GO:0044446,GO:0044464,GO:0070181,GO:0071704,GO:0097159,GO:1901363,GO:1901564,GO:1901566,GO:1901576,GO:1990904	-	ko:K02990	ko03010,map03010	M00178	-	-	br01610,ko00000,ko00001,ko00002,ko03011,ko03029	-	-	-	Ribosomal_S6
CAV18990.1	575788.VS_1806	3.32e-102	295.0	COG0720@1|root,COG0720@2|Bacteria,1RI4P@1224|Proteobacteria,1S3T6@1236|Gammaproteobacteria,1XWZ5@135623|Vibrionales	135623|Vibrionales	H	6-pyruvoyl tetrahydropterin synthase	queD	-	4.1.2.50,4.2.3.12	ko:K01737	ko00790,ko01100,map00790,map01100	M00842,M00843	R04286,R09959	RC01117,RC02846,RC02847	ko00000,ko00001,ko00002,ko01000,ko03016	-	-	-	PTPS
CAV20250.1	575788.VS_2954	3.14e-72	217.0	COG0776@1|root,COG0776@2|Bacteria,1MZ5B@1224|Proteobacteria,1S8VH@1236|Gammaproteobacteria,1XXVI@135623|Vibrionales	135623|Vibrionales	L	Histone-like DNA-binding protein which is capable of wrapping DNA to stabilize it, and thus to prevent its denaturation under extreme environmental conditions	hupA	GO:0003674,GO:0003676,GO:0003677,GO:0005488,GO:0005575,GO:0005622,GO:0005623,GO:0005694,GO:0005737,GO:0005829,GO:0006323,GO:0006996,GO:0008150,GO:0009889,GO:0009987,GO:0010556,GO:0016043,GO:0019219,GO:0019222,GO:0031323,GO:0031326,GO:0043226,GO:0043228,GO:0043229,GO:0043232,GO:0044424,GO:0044444,GO:0044464,GO:0050789,GO:0050794,GO:0051171,GO:0051252,GO:0051276,GO:0060255,GO:0065007,GO:0071103,GO:0071840,GO:0080090,GO:0097159,GO:1901363,GO:1903506,GO:2001141	-	ko:K05787	-	-	-	-	ko00000,ko03032,ko03036,ko03400	-	-	-	Bac_DNA_binding
CAV20264.1	575788.VS_2968	2.66e-107	310.0	COG0080@1|root,COG0080@2|Bacteria,1RA2M@1224|Proteobacteria,1S22R@1236|Gammaproteobacteria,1XSSH@135623|Vibrionales	135623|Vibrionales	J	Forms part of the ribosomal stalk which helps the ribosome interact with GTP-bound translation factors	rplK	GO:0000027,GO:0003674,GO:0003676,GO:0003723,GO:0003735,GO:0005198,GO:0005488,GO:0005575,GO:0005622,GO:0005623,GO:0005737,GO:0005829,GO:0005840,GO:0006412,GO:0006518,GO:0006807,GO:0006996,GO:0008150,GO:0008152,GO:0009058,GO:0009059,GO:0009987,GO:0010467,GO:0015934,GO:0016043,GO:0019538,GO:0019843,GO:0022607,GO:0022613,GO:0022618,GO:0022625,GO:0022626,GO:0032991,GO:0034622,GO:0034641,GO:0034645,GO:0042254,GO:0042255,GO:0042273,GO:0043043,GO:0043170,GO:0043226,GO:0043228,GO:0043229,GO:0043232,GO:0043603,GO:0043604,GO:0043933,GO:0044085,GO:0044237,GO:0044238,GO:0044249,GO:0044260,GO:0044267,GO:0044271,GO:0044391,GO:0044422,GO:0044424,GO:0044444,GO:0044445,GO:0044446,GO:0044464,GO:0065003,GO:0070925,GO:0071704,GO:0071826,GO:0071840,GO:0097159,GO:1901363,GO:1901564,GO:1901566,GO:1901576,GO:1990904	-	ko:K02867	ko03010,map03010	M00178,M00179	-	-	br01610,ko00000,ko00001,ko00002,ko03011	-	-	-	Ribosomal_L11,Ribosomal_L11_N
CAV26662.1	575788.VS_II0862	0.0	1383.0	COG2274@1|root,COG2274@2|Bacteria,1R2T0@1224|Proteobacteria,1SBE1@1236|Gammaproteobacteria,1XU2Q@135623|Vibrionales	135623|Vibrionales	V	ABC transporter	-	-	-	-	-	-	-	-	-	-	-	-	ABC_membrane,ABC_tran
