Cepa,Gen,Identidad,Clase
1_MXM,blaCARB,88.03,Beta-lactam
1_MXM,tet(34),92.21,Tetracycline
1_MXM,tet(35),95.12,Tetracycline
6_VM,catC,98.17,Phenicol
6_VM,tet(35),99.81,Tetracycline
6_VM,blaCARB-18,100,Beta-lactam
6_VM,tet(34),92.21,Tetracycline
11_VM,catC,98.17,Phenicol
11_VM,tet(35),99.81,Tetracycline
11_VM,blaCARB-18,100,Beta-lactam
11_VM,tet(34),92.21,Tetracycline
15_CESAIBC,tet(35),99.81,Tetracycline
15_CESAIBC,qnrD1,95.54,Quinolone
15_CESAIBC,blaCARB,100,Beta-lactam
15_CESAIBC,catC,96.8,Phenicol
15_CESAIBC,tet(34),92.21,Tetracycline
AT_BV,tet(35),96.06,Tetracycline
AT_BV,tet(34),92.21,Tetracycline
AT_BV,catC,99.09,Phenicol
AT_BV,ampC,47.87,Beta-lactam
AT_BV,blaCARB,99.65,Beta-lactam
3_MXM,arsB,92.07,Arsenic
3_MXM,arsC,92.97,Arsenic
3_MXM,sal(A),96.12,Lincosamide
3_MXM,bla,68.79,Beta-lactam
3_MXM,mecA1,99.7,Beta-lactam
3_MXM,abc-f,34.83,Macrolide
3_MXM,arsB,80.19,Arsenic
8_VM,arsD,52.46,Arsenic
8_VM,arsC,81.56,Arsenic
8_VM,vat,67.63,Streptogramin
8_VM,fos,57.78,Fosfomycin
8_VM,blaTRU,98.95,Beta-lactam
9_VM,arsB,79.02,Arsenic
9_VM,icaC,53.31,Other
9_VM,arsR,97.12,Arsenic
9_VM,arsB,93.71,Arsenic
9_VM,arsC,97.71,Arsenic
9_VM,merA,70.83,Mercury
9_VM,blaI,99.21,Beta-lactam
9_VM,blaR1,100,Beta-lactam
9_VM,blaZ,100,Beta-lactam
10_VM,arsD,46.67,Arsenic
10_VM,arsN1,26.97,Arsenic
10_VM,fosB,95.07,Fosfomycin
10_VM,abc-f,42.75,Macrolide
10_VM,entFM,93.95,Virulence
10_VM,bla2,93.39,Beta-lactam
10_VM,aac6,99.56,Aminoglycoside
10_VM,merB,99.05,Mercury
10_VM,merA,98,Mercury
10_VM,mco,98.05,Copper
10_VM,arsB,79.91,Arsenic
10_VM,blaI,99.21,Beta-lactam
10_VM,blaR1,100,Beta-lactam
10_VM,blaZ,100,Beta-lactam
10_VM,merA,99.37,Mercury
10_VM,merT,100,Mercury
13_VM,merA,44.61,Mercury
13_VM,cml,74.62,Phenicol
