Strain,Gene,Identity
1_MXM,blaCARB,88.03
1_MXM,tet(34),92.21
1_MXM,tet(35),95.12
6_VM,catC,98.17
6_VM,tet(35),99.81
6_VM,blaCARB-18,100
6_VM,tet(34),92.21
11_VM,catC,98.17
11_VM,tet(35),99.81
11_VM,blaCARB-18,100
11_VM,tet(34),92.21
15_CESAIBC,tet(35),99.81
15_CESAIBC,qnrD1,95.54
15_CESAIBC,blaCARB,100
15_CESAIBC,catC,96.8
15_CESAIBC,tet(34),92.21
AT_BV,tet(35),96.06
AT_BV,tet(34),92.21
AT_BV,catC,99.09
AT_BV,ampC,47.87
AT_BV,blaCARB,99.65
3_MXM,arsB,92.07
3_MXM,arsC,92.97
3_MXM,sal(A),96.12
3_MXM,bla,68.79
3_MXM,mecA1,99.7
3_MXM,abc-f,34.83
3_MXM,arsB,80.19
8_VM,arsD,52.46
8_VM,arsC,81.56
8_VM,vat,67.63
8_VM,fos,57.78
8_VM,blaTRU,98.95
9_VM,arsB,79.02
9_VM,icaC,53.31
9_VM,arsR,97.12
9_VM,arsB,93.71
9_VM,arsC,97.71
9_VM,merA,70.83
9_VM,blaI,99.21
9_VM,blaR1,100
9_VM,blaZ,100
10_VM,arsD,46.67
10_VM,arsN1,26.97
10_VM,fosB,95.07
10_VM,abc-f,42.75
10_VM,entFM,93.95
10_VM,bla2,93.39
10_VM,aac6,99.56
10_VM,merB,99.05
10_VM,merA,98
10_VM,mco,98.05
10_VM,arsB,79.91
10_VM,blaI,99.21
10_VM,blaR1,100
10_VM,blaZ,100
10_VM,merA,99.37
10_VM,merT,100
13_VM,merA,44.61
13_VM,cml,74.62
