Gene,Class
blaCARB,Beta-lactam
tet(34),Tetracycline
tet(35),Tetracycline
catC,Phenicol
blaCARB-18,Beta-lactam
qnrD1,Quinolone
ampC,Beta-lactam
arsB,Arsenic
arsC,Arsenic
arsD,Arsenic
sal(A),Lincosamide
bla,Beta-lactam
mecA1,Beta-lactam
abc-f,Macrolide
vat,Streptogramin
fos,Fosfomycin
blaTRU,Beta-lactam
icaC,Other
arsR,Arsenic
merA,Mercury
blaI,Beta-lactam
blaR1,Beta-lactam
blaZ,Beta-lactam
arsN1,Arsenic
fosB,Fosfomycin
entFM,Virulence
bla2,Beta-lactam
aac6,Aminoglycoside
merB,Mercury
mco,Copper
cml,Phenicol
merT,Mercury
