cepa,GO,n_strain,count_strain,count_fondo,total_fondo,p_value,rank,p_adj
1_MXM,GO:0071704,39,4,5,209,0.004597213265582733,1,1.0
1_MXM,GO:0044238,39,4,5,209,0.004597213265582733,2,1.0
1_MXM,GO:0044237,39,4,5,209,0.004597213265582733,3,0.7723318286178992
1_MXM,GO:0005488,39,4,6,209,0.01191292929085134,4,1.0
1_MXM,GO:0008152,39,4,6,209,0.01191292929085134,5,1.0
1_MXM,GO:0003674,39,5,9,209,0.012604004863870422,6,1.0
1_MXM,GO:0009987,39,5,9,209,0.012604004863870422,7,0.9074883501986702
8_VM,GO:0051179,18,2,3,209,0.02002888415931721,8,1.0
1_MXM,GO:1901576,39,3,4,209,0.021179502922857536,9,1.0
1_MXM,GO:0097159,39,3,4,209,0.021179502922857536,10,1.0
1_MXM,GO:1901363,39,3,4,209,0.021179502922857536,11,0.9704063157381998
1_MXM,GO:0006807,39,3,4,209,0.021179502922857536,12,0.8895391227600165
1_MXM,GO:0009058,39,3,4,209,0.021179502922857536,13,0.8211130363938614
1_MXM,GO:0044249,39,3,4,209,0.021179502922857536,14,0.7624621052228713
1_MXM,GO:1901564,39,3,4,209,0.021179502922857536,15,0.7116312982080132
1_MXM,GO:0008150,39,5,10,209,0.021718986730918967,16,0.6841480820239475
1_MXM,GO:0043436,39,2,2,209,0.03409090909090609,17,1.0
1_MXM,GO:0016053,39,2,2,209,0.03409090909090609,18,0.9545454545453705
1_MXM,GO:0046394,39,2,2,209,0.03409090909090609,19,0.9043062200956142
1_MXM,GO:0044281,39,2,2,209,0.03409090909090609,20,0.8590909090908335
1_MXM,GO:0044283,39,2,2,209,0.03409090909090609,21,0.8181818181817462
1_MXM,GO:0019752,39,2,2,209,0.03409090909090609,22,0.7809917355371213
1_MXM,GO:0036094,39,2,2,209,0.03409090909090609,23,0.7470355731224639
1_MXM,GO:0043168,39,2,2,209,0.03409090909090609,24,0.7159090909090279
1_MXM,GO:0006082,39,2,2,209,0.03409090909090609,25,0.6872727272726668
1_MXM,GO:0044444,39,3,5,209,0.04605293740877104,26,0.8927184790007925
1_MXM,GO:0044424,39,3,5,209,0.04605293740877104,27,0.8596548316303928
1_MXM,GO:0005622,39,3,5,209,0.04605293740877104,28,0.8289528733578787
1_MXM,GO:0005737,39,3,5,209,0.04605293740877104,29,0.8003682915179519
1_MXM,GO:0005829,39,3,5,209,0.04605293740877104,30,0.7736893484673535
1_MXM,GO:0005575,39,4,9,209,0.06468961553270422,31,1.0
AT_BV,GO:0044249,62,3,4,209,0.07920085476128379,32,1.0
AT_BV,GO:1901576,62,3,4,209,0.07920085476128379,33,1.0
AT_BV,GO:0009058,62,3,4,209,0.07920085476128379,34,1.0
8_VM,GO:0051234,18,1,1,209,0.08612440191386526,35,1.0
8_VM,GO:0022804,18,1,1,209,0.08612440191386526,36,1.0
8_VM,GO:0098660,18,1,1,209,0.08612440191386526,37,1.0
8_VM,GO:0022857,18,1,1,209,0.08612440191386526,38,1.0
8_VM,GO:0098655,18,1,1,209,0.08612440191386526,39,1.0
8_VM,GO:0031224,18,1,1,209,0.08612440191386526,40,1.0
8_VM,GO:0072531,18,1,1,209,0.08612440191386526,41,1.0
8_VM,GO:0031226,18,1,1,209,0.08612440191386526,42,1.0
8_VM,GO:0034220,18,1,1,209,0.08612440191386526,43,1.0
8_VM,GO:0005337,18,1,1,209,0.08612440191386526,44,0.9865158764679112
8_VM,GO:0071944,18,1,1,209,0.08612440191386526,45,0.9645933014352909
8_VM,GO:0044425,18,1,1,209,0.08612440191386526,46,0.9436238818388716
8_VM,GO:0071705,18,1,1,209,0.08612440191386526,47,0.9235467779699593
8_VM,GO:0071702,18,1,1,209,0.08612440191386526,48,0.9043062200955853
8_VM,GO:0044459,18,1,1,209,0.08612440191386526,49,0.8858509911140426
8_VM,GO:0055085,18,1,1,209,0.08612440191386526,50,0.8681339712917618
8_VM,GO:0005215,18,1,1,209,0.08612440191386526,51,0.8511117365605508
8_VM,GO:0022890,18,1,1,209,0.08612440191386526,52,0.8347442031651556
8_VM,GO:0016021,18,1,1,209,0.08612440191386526,53,0.8189943125393979
8_VM,GO:0098771,18,1,1,209,0.08612440191386526,54,0.8038277511960757
8_VM,GO:0016020,18,1,1,209,0.08612440191386526,55,0.789212701174329
8_VM,GO:0015078,18,1,1,209,0.08612440191386526,56,0.7751196172247873
8_VM,GO:0015212,18,1,1,209,0.08612440191386526,57,0.7615210274489139
8_VM,GO:0015213,18,1,1,209,0.08612440191386526,58,0.7483913545618637
8_VM,GO:0008324,18,1,1,209,0.08612440191386526,59,0.7357067553320016
8_VM,GO:0015214,18,1,1,209,0.08612440191386526,60,0.7234449760764682
8_VM,GO:0015291,18,1,1,209,0.08612440191386526,61,0.7115852223702965
8_VM,GO:0015293,18,1,1,209,0.08612440191386526,62,0.700108041364324
8_VM,GO:0015294,18,1,1,209,0.08612440191386526,63,0.6889952153109221
8_VM,GO:0015295,18,1,1,209,0.08612440191386526,64,0.6782296650716889
8_VM,GO:0015318,18,1,1,209,0.08612440191386526,65,0.6677953625321245
8_VM,GO:0015506,18,1,1,209,0.08612440191386526,66,0.6576772509786074
8_VM,GO:0015672,18,1,1,209,0.08612440191386526,67,0.6478611726057923
8_VM,GO:0015858,18,1,1,209,0.08612440191386526,68,0.638333802420413
8_VM,GO:0015861,18,1,1,209,0.08612440191386526,69,0.629082587892581
8_VM,GO:0015862,18,1,1,209,0.08612440191386526,70,0.6200956937798299
8_VM,GO:0006812,18,1,1,209,0.08612440191386526,71,0.6113619516139168
8_VM,GO:0006811,18,1,1,209,0.08612440191386526,72,0.6028708133970568
8_VM,GO:0015864,18,1,1,209,0.08612440191386526,73,0.5946123091039465
8_VM,GO:0015931,18,1,1,209,0.08612440191386526,74,0.5865770076295688
8_VM,GO:0098662,18,1,1,209,0.08612440191386526,75,0.5787559808611745
8_VM,GO:0006810,18,1,1,209,0.08612440191386526,76,0.5711407705866854
8_VM,GO:0005887,18,1,1,209,0.08612440191386526,77,0.5637233579816635
8_VM,GO:0015932,18,1,1,209,0.08612440191386526,78,0.556496135443437
8_VM,GO:0005886,18,1,1,209,0.08612440191386526,79,0.5494518805644062
8_VM,GO:1901264,18,1,1,209,0.08612440191386526,80,0.5425837320573511
8_VM,GO:0006979,18,1,1,209,0.08612440191386526,81,0.5358851674640505
8_VM,GO:1901642,18,1,1,209,0.08612440191386526,82,0.5293499824949767
8_VM,GO:1901505,18,1,1,209,0.08612440191386526,83,0.5229722718625072
8_VM,GO:0042802,18,1,1,209,0.08612440191386526,84,0.5167464114831916
8_VM,GO:0046914,18,1,1,209,0.08612440191386526,85,0.5106670419363305
8_VM,GO:0046916,18,1,1,209,0.08612440191386526,86,0.5047290530766056
8_VM,GO:0048878,18,1,1,209,0.08612440191386526,87,0.4989275697079091
8_VM,GO:0050801,18,1,1,209,0.08612440191386526,88,0.4932579382339556
8_VM,GO:0051235,18,1,1,209,0.08612440191386526,89,0.48771571420885496
8_VM,GO:0051238,18,1,1,209,0.08612440191386526,90,0.48229665071764544
8_VM,GO:0051641,18,1,1,209,0.08612440191386526,91,0.47699668752294605
8_VM,GO:0051651,18,1,1,209,0.08612440191386526,92,0.4718119409194358
8_VM,GO:0055065,18,1,1,209,0.08612440191386526,93,0.46673869424288267
8_VM,GO:0055072,18,1,1,209,0.08612440191386526,94,0.46177338898497966
8_VM,GO:0055076,18,1,1,209,0.08612440191386526,95,0.45691261646934833
8_VM,GO:0055080,18,1,1,209,0.08612440191386526,96,0.45215311004779263
8_VM,GO:0055082,18,1,1,209,0.08612440191386526,97,0.44749173777925866
8_VM,GO:0097577,18,1,1,209,0.08612440191386526,98,0.4429254955570213
8_VM,GO:0065008,18,1,1,209,0.08612440191386526,99,0.43845150065240496
8_VM,GO:0070887,18,1,1,209,0.08612440191386526,100,0.4340669856458809
8_VM,GO:0071241,18,1,1,209,0.08612440191386526,101,0.42976929271869396
8_VM,GO:0071248,18,1,1,209,0.08612440191386526,102,0.4255558682802754
8_VM,GO:0071281,18,1,1,209,0.08612440191386526,103,0.42142425790862226
8_VM,GO:0042221,18,1,1,209,0.08612440191386526,104,0.4173721015825778
8_VM,GO:0033554,18,1,1,209,0.08612440191386526,105,0.41339712918655325
8_VM,GO:0042592,18,1,1,209,0.08612440191386526,106,0.40949715626969896
8_VM,GO:0019725,18,1,1,209,0.08612440191386526,107,0.40567008004287936
8_VM,GO:1902600,18,1,1,209,0.08612440191386526,108,0.4019138755980379
8_VM,GO:0004322,18,1,1,209,0.08612440191386526,109,0.39822659233567054
8_VM,GO:0005506,18,1,1,209,0.08612440191386526,110,0.3946063505871645
8_VM,GO:0005515,18,1,1,209,0.08612440191386526,111,0.3910513384197125
8_VM,GO:0006873,18,1,1,209,0.08612440191386526,112,0.38755980861239364
8_VM,GO:0006875,18,1,1,209,0.08612440191386526,113,0.38413007579281494
8_VM,GO:0006879,18,1,1,209,0.08612440191386526,114,0.38076051372445696
8_VM,GO:0006880,18,1,1,209,0.08612440191386526,115,0.3774495527355486
8_VM,GO:0006950,18,1,1,209,0.08612440191386526,116,0.37419567728093184
8_VM,GO:0030003,18,1,1,209,0.08612440191386526,117,0.37099742362895805
8_VM,GO:0006974,18,1,1,209,0.08612440191386526,118,0.3678533776660008
8_VM,GO:0008199,18,1,1,209,0.08612440191386526,119,0.3647621728116646
8_VM,GO:0010035,18,1,1,209,0.08612440191386526,120,0.3617224880382341
8_VM,GO:0010038,18,1,1,209,0.08612440191386526,121,0.35873304598833133
8_VM,GO:0010039,18,1,1,209,0.08612440191386526,122,0.35579261118514827
8_VM,GO:0016722,18,1,1,209,0.08612440191386526,123,0.3528999883299845
8_VM,GO:0016724,18,1,1,209,0.08612440191386526,124,0.350054020682162
8_VM,GO:0015077,18,1,1,209,0.08612440191386526,125,0.34725358851670474
8_VM,GO:0015075,18,1,1,209,0.08612440191386526,126,0.34449760765546106
AT_BV,GO:0044281,62,2,2,209,0.08699852778798946,127,0.3452540000405251
AT_BV,GO:0043436,62,2,2,209,0.08699852778798946,128,0.3425567031652085
AT_BV,GO:0046394,62,2,2,209,0.08699852778798946,129,0.33990122484609836
AT_BV,GO:0006082,62,2,2,209,0.08699852778798946,130,0.3372866000395899
AT_BV,GO:0016053,62,2,2,209,0.08699852778798946,131,0.33471189316905864
AT_BV,GO:0044283,62,2,2,209,0.08699852778798946,132,0.332176197008687
AT_BV,GO:0019752,62,2,2,209,0.08699852778798946,133,0.32967863161764427
1_MXM,GO:0071840,39,2,3,209,0.09008563899867851,134,0.3388295675771192
1_MXM,GO:0003676,39,2,3,209,0.09008563899867851,135,0.3363197189283998
1_MXM,GO:0006996,39,2,3,209,0.09008563899867851,136,0.33384677981863214
1_MXM,GO:0016043,39,2,3,209,0.09008563899867851,137,0.331409942009737
1_MXM,GO:0003824,39,2,3,209,0.09008563899867851,138,0.32900842069082586
1_MXM,GO:1901566,39,2,3,209,0.09008563899867851,139,0.3266414536354962
1_MXM,GO:0043170,39,2,3,209,0.09008563899867851,140,0.32430830039524267
1_MXM,GO:0019538,39,2,3,209,0.09008563899867851,141,0.3220082415271913
1_MXM,GO:0043232,39,2,3,209,0.09008563899867851,142,0.3197405778544646
1_MXM,GO:0044260,39,2,3,209,0.09008563899867851,143,0.3175046297575802
1_MXM,GO:0044267,39,2,3,209,0.09008563899867851,144,0.3152997364953748
1_MXM,GO:0043229,39,2,3,209,0.09008563899867851,145,0.31312525555402737
1_MXM,GO:0043167,39,2,3,209,0.09008563899867851,146,0.3109805620228354
8_VM,GO:0005623,18,2,8,209,0.14389285477640434,147,0.4933469306619578
8_VM,GO:0044464,18,2,8,209,0.14389285477640434,148,0.4900135054547824
AT_BV,GO:0071704,62,3,5,209,0.1560949812687595,149,0.5279991312715087
AT_BV,GO:0044237,62,3,5,209,0.1560949812687595,150,0.524479137063032
AT_BV,GO:0044238,62,3,5,209,0.1560949812687595,151,0.5210057652944026
8_VM,GO:0055114,18,1,2,209,0.16520979020976764,152,0.5478008833271243
8_VM,GO:0051716,18,1,2,209,0.16520979020976764,153,0.5442204853968817
8_VM,GO:0050896,18,1,2,209,0.16520979020976764,154,0.5406865861410578
8_VM,GO:0043169,18,1,2,209,0.16520979020976764,155,0.537198285585309
8_VM,GO:0016491,18,1,2,209,0.16520979020976764,156,0.533754706831557
8_VM,GO:0046872,18,1,2,209,0.16520979020976764,157,0.5303549953230757
1_MXM,GO:0044464,39,3,8,209,0.17078993356183209,158,0.5447982690833125
1_MXM,GO:0005623,39,3,8,209,0.17078993356183209,159,0.5413718648752414
8_VM,GO:0003674,18,2,9,209,0.17568132540356643,160,0.5533961750212343
8_VM,GO:0005575,18,2,9,209,0.17568132540356643,161,0.549958931698121
1_MXM,GO:0009889,39,1,1,209,0.18660287081338933,162,0.5805422647527668
1_MXM,GO:0010556,39,1,1,209,0.18660287081338933,163,0.5769806557665534
1_MXM,GO:0019219,39,1,1,209,0.18660287081338933,164,0.5734624810362696
1_MXM,GO:0019222,39,1,1,209,0.18660287081338933,165,0.569986950848171
1_MXM,GO:0031323,39,1,1,209,0.18660287081338933,166,0.5665532945177604
1_MXM,GO:0031326,39,1,1,209,0.18660287081338933,167,0.5631607598200492
1_MXM,GO:0051276,39,1,1,209,0.18660287081338933,168,0.559808612440168
1_MXM,GO:0051252,39,1,1,209,0.18660287081338933,169,0.5564961354434805
1_MXM,GO:0060255,39,1,1,209,0.18660287081338933,170,0.5532226287644013
1_MXM,GO:0071103,39,1,1,209,0.18660287081338933,171,0.5499874087131474
1_MXM,GO:0080090,39,1,1,209,0.18660287081338933,172,0.546789807499699
1_MXM,GO:1903506,39,1,1,209,0.18660287081338933,173,0.5436291727742671
1_MXM,GO:2001141,39,1,1,209,0.18660287081338933,174,0.5405048671836105
1_MXM,GO:0006323,39,1,1,209,0.18660287081338933,175,0.5374162679425613
1_MXM,GO:0051171,39,1,1,209,0.18660287081338933,176,0.5343627664201603
1_MXM,GO:0005694,39,1,1,209,0.18660287081338933,177,0.5313437677398204
1_MXM,GO:0000035,39,1,1,209,0.18660287081338933,178,0.5283586903929676
1_MXM,GO:1901265,39,1,1,209,0.18660287081338933,179,0.5254069658656325
1_MXM,GO:0008144,39,1,1,209,0.18660287081338933,180,0.5224880382774901
1_MXM,GO:0007015,39,1,1,209,0.18660287081338933,181,0.5196013640328631
1_MXM,GO:0007010,39,1,1,209,0.18660287081338933,182,0.516746411483232
1_MXM,GO:0006464,39,1,1,209,0.18660287081338933,183,0.5139226606008099
1_MXM,GO:0000287,39,1,1,209,0.18660287081338933,184,0.5111296026627621
1_MXM,GO:0000166,39,1,1,209,0.18660287081338933,185,0.5083667399456661
1_MXM,GO:0036211,39,1,1,209,0.18660287081338933,186,0.5056335854298292
1_MXM,GO:0070181,39,1,1,209,0.18660287081338933,187,0.5029296625130921
1_MXM,GO:0022627,39,1,1,209,0.18660287081338933,188,0.5002545047337671
1_MXM,GO:0015935,39,1,1,209,0.18660287081338933,189,0.4976076555023715
1_MXM,GO:0008154,39,1,1,209,0.18660287081338933,190,0.4949886678418327
1_MXM,GO:1901607,39,1,1,209,0.18660287081338933,191,0.4923971041358545
1_MXM,GO:1901362,39,1,1,209,0.18660287081338933,192,0.48983253588514697
1_MXM,GO:1901360,39,1,1,209,0.18660287081338933,193,0.4872945434712343
1_MXM,GO:0046483,39,1,1,209,0.18660287081338933,194,0.4847827159275681
1_MXM,GO:0018130,39,1,1,209,0.18660287081338933,195,0.4822966507176832
1_MXM,GO:0016903,39,1,1,209,0.18660287081338933,196,0.47983595352014397
1_MXM,GO:0016620,39,1,1,209,0.18660287081338933,197,0.4774002380200417
1_MXM,GO:0009084,39,1,1,209,0.18660287081338933,198,0.4749891257068092
1_MXM,GO:0009064,39,1,1,209,0.18660287081338933,199,0.47260224567813175
1_MXM,GO:0008652,39,1,1,209,0.18660287081338933,200,0.4702392344497411
1_MXM,GO:0006561,39,1,1,209,0.18660287081338933,201,0.46789973577088667
1_MXM,GO:1901605,39,1,1,209,0.18660287081338933,202,0.46558340044528823
1_MXM,GO:0009405,39,1,1,209,0.18660287081338933,203,0.46328988615738037
1_MXM,GO:0016874,39,1,1,209,0.18660287081338933,204,0.46101885730366776
1_MXM,GO:0016879,39,1,1,209,0.18660287081338933,205,0.4587699848290157
1_MXM,GO:0032553,39,1,1,209,0.18660287081338933,206,0.4565429460677098
1_MXM,GO:0003677,39,1,1,209,0.18660287081338933,207,0.45433742458912185
1_MXM,GO:0030554,39,1,1,209,0.18660287081338933,208,0.452153110047828
1_MXM,GO:0030430,39,1,1,209,0.18660287081338933,209,0.44998969803802974
1_MXM,GO:0032555,39,1,1,209,0.18660287081338933,210,0.4478468899521344
1_MXM,GO:0030042,39,1,1,209,0.18660287081338933,211,0.44572439284335647
1_MXM,GO:0032559,39,1,1,209,0.18660287081338933,212,0.44362191929220857
1_MXM,GO:0030036,39,1,1,209,0.18660287081338933,213,0.4415391872767522
1_MXM,GO:0030029,39,1,1,209,0.18660287081338933,214,0.439475920046487
1_MXM,GO:0022411,39,1,1,209,0.18660287081338933,215,0.43743184599975915
1_MXM,GO:0032984,39,1,1,209,0.18660287081338933,216,0.4354066985645751
1_MXM,GO:0033643,39,1,1,209,0.18660287081338933,217,0.4334002160827107
1_MXM,GO:0033646,39,1,1,209,0.18660287081338933,218,0.4314121416970102
1_MXM,GO:0018995,39,1,1,209,0.18660287081338933,219,0.42944222324177267
1_MXM,GO:0018262,39,1,1,209,0.18660287081338933,220,0.4274902131361283
1_MXM,GO:0018205,39,1,1,209,0.18660287081338933,221,0.42555586828030867
1_MXM,GO:0018199,39,1,1,209,0.18660287081338933,222,0.4236389499547217
1_MXM,GO:0018193,39,1,1,209,0.18660287081338933,223,0.4217392237217409
1_MXM,GO:0018153,39,1,1,209,0.18660287081338933,224,0.419856459330126
1_MXM,GO:0018149,39,1,1,209,0.18660287081338933,225,0.4179904306219921
1_MXM,GO:0017076,39,1,1,209,0.18660287081338933,226,0.41614091544224874
1_MXM,GO:0035639,39,1,1,209,0.18660287081338933,227,0.4143076955504327
1_MXM,GO:0016881,39,1,1,209,0.18660287081338933,228,0.4124905565348606
1_MXM,GO:0006560,39,1,1,209,0.18660287081338933,229,0.4106892877290315
1_MXM,GO:0006520,39,1,1,209,0.18660287081338933,230,0.40890368213020967
1_MXM,GO:0005524,39,1,1,209,0.18660287081338933,231,0.40713353632012217
1_MXM,GO:1903509,39,1,1,209,0.18660287081338933,232,0.4053786503877078
1_MXM,GO:0008654,39,1,1,209,0.18660287081338933,233,0.403638827853855
1_MXM,GO:0008610,39,1,1,209,0.18660287081338933,234,0.4019138755980693
1_MXM,GO:0006796,39,1,1,209,0.18660287081338933,235,0.4002036037870137
1_MXM,GO:0006793,39,1,1,209,0.18660287081338933,236,0.3985078258048653
1_MXM,GO:0006644,39,1,1,209,0.18660287081338933,237,0.39682635818543555
1_MXM,GO:0006643,39,1,1,209,0.18660287081338933,238,0.39515902054600094
1_MXM,GO:0043412,39,1,1,209,0.18660287081338933,239,0.3935056355227959
1_MXM,GO:0043624,39,1,1,209,0.18660287081338933,240,0.3918660287081176
1_MXM,GO:0043656,39,1,1,209,0.18660287081338933,241,0.39024002858899676
1_MXM,GO:0006633,39,1,1,209,0.18660287081338933,242,0.38862746648738933
1_MXM,GO:0097435,39,1,1,209,0.18660287081338933,243,0.3870281765018445
1_MXM,GO:0009245,39,1,1,209,0.18660287081338933,244,0.3854419954506075
1_MXM,GO:0097367,39,1,1,209,0.18660287081338933,245,0.38386876281611515
1_MXM,GO:0051704,39,1,1,209,0.18660287081338933,246,0.3823083206908464
1_MXM,GO:0051261,39,1,1,209,0.18660287081338933,247,0.3807605137244867
1_MXM,GO:0000036,39,1,1,209,0.18660287081338933,248,0.37922518907237185
1_MXM,GO:0044419,39,1,1,209,0.18660287081338933,249,0.37770219634517355
1_MXM,GO:0044217,39,1,1,209,0.18660287081338933,250,0.37619138755979287
1_MXM,GO:0005975,39,1,1,209,0.18660287081338933,251,0.37469261709142715
1_MXM,GO:0043657,39,1,1,209,0.18660287081338933,252,0.37320574162677866
1_MXM,GO:0006631,39,1,1,209,0.18660287081338933,253,0.3717306201183724
1_MXM,GO:0044215,39,1,1,209,0.18660287081338933,254,0.37026711373995363
1_MXM,GO:0006629,39,1,1,209,0.18660287081338933,255,0.3688150858429342
1_MXM,GO:0044216,39,1,1,209,0.18660287081338933,256,0.3673744019138602
1_MXM,GO:0004350,39,1,1,209,0.18660287081338933,257,0.36594492953287244
1_MXM,GO:0009247,39,1,1,209,0.18660287081338933,258,0.36452653833313264
1_MXM,GO:0006664,39,1,1,209,0.18660287081338933,259,0.36311909996119
1_MXM,GO:0009312,39,1,1,209,0.18660287081338933,260,0.3617224880382624
1_MXM,GO:1901271,39,1,1,209,0.18660287081338933,261,0.360336578122407
1_MXM,GO:1901269,39,1,1,209,0.18660287081338933,262,0.35896124767155807
1_MXM,GO:1901137,39,1,1,209,0.18660287081338933,263,0.3575963760074077
1_MXM,GO:1901135,39,1,1,209,0.18660287081338933,264,0.3562418442801069
1_MXM,GO:0140104,39,1,1,209,0.18660287081338933,265,0.35489753543376684
1_MXM,GO:0090407,39,1,1,209,0.18660287081338933,266,0.35356333417273766
1_MXM,GO:0072341,39,1,1,209,0.18660287081338933,267,0.352239126928645
1_MXM,GO:0072330,39,1,1,209,0.18660287081338933,268,0.350924801828165
1_MXM,GO:0051192,39,1,1,209,0.18660287081338933,269,0.34962024866151753
1_MXM,GO:0048037,39,1,1,209,0.18660287081338933,270,0.34832535885166005
1_MXM,GO:0009311,39,1,1,209,0.18660287081338933,271,0.3470400254241632
1_MXM,GO:0046467,39,1,1,209,0.18660287081338933,272,0.3457641429777508
1_MXM,GO:0044620,39,1,1,209,0.18660287081338933,273,0.344497607655488
1_MXM,GO:0046493,39,1,1,209,0.18660287081338933,274,0.34324031711659936
1_MXM,GO:0031177,39,1,1,209,0.18660287081338933,275,0.3419921705089026
1_MXM,GO:0016051,39,1,1,209,0.18660287081338933,276,0.3407530684418414
1_MXM,GO:0044255,39,1,1,209,0.18660287081338933,277,0.3395229129601019
1_MXM,GO:0019637,39,1,1,209,0.18660287081338933,278,0.33830160751779936
1_MXM,GO:0032787,39,1,1,209,0.18660287081338933,279,0.33708905695321945
1_MXM,GO:0033218,39,1,1,209,0.18660287081338933,280,0.3358851674641008
1_MXM,GO:0019842,39,1,1,209,0.18660287081338933,281,0.33468984658344564
8_VM,GO:0008150,18,2,10,209,0.20858239250267455,282,0.3727855525579716
AT_BV,GO:1901566,62,2,3,209,0.2105616542115153,283,0.3749931933660908
1_MXM,GO:0043226,39,2,5,209,0.23428433351837422,284,0.415772197511481
1_MXM,GO:0043228,39,2,5,209,0.23428433351837422,285,0.41431334769565126
8_VM,GO:0043167,18,1,3,209,0.23780024323498555,286,0.4190605684980165
8_VM,GO:0065007,18,1,3,209,0.23780024323498555,287,0.41760042714436485
8_VM,GO:0003824,18,1,3,209,0.23780024323498555,288,0.41615042566122473
AT_BV,GO:0008152,62,3,6,209,0.24718687950066257,289,0.43108023276240115
AT_BV,GO:0044620,62,1,1,209,0.29665071770333695,290,0.5155584886982132
AT_BV,GO:0044255,62,1,1,209,0.29665071770333695,291,0.5137868100428928
AT_BV,GO:0008610,62,1,1,209,0.29665071770333695,292,0.512027266172883
AT_BV,GO:0019842,62,1,1,209,0.29665071770333695,293,0.510279732841235
AT_BV,GO:0032787,62,1,1,209,0.29665071770333695,294,0.5085440874914348
AT_BV,GO:0031177,62,1,1,209,0.29665071770333695,295,0.5068202092287519
AT_BV,GO:0046467,62,1,1,209,0.29665071770333695,296,0.5051079787921683
AT_BV,GO:0019637,62,1,1,209,0.29665071770333695,297,0.5034072785268748
AT_BV,GO:0016051,62,1,1,209,0.29665071770333695,298,0.5017179923573216
AT_BV,GO:0009311,62,1,1,209,0.29665071770333695,299,0.5000400057608088
AT_BV,GO:0009247,62,1,1,209,0.29665071770333695,300,0.4983732057416061
AT_BV,GO:0009245,62,1,1,209,0.29665071770333695,301,0.4967174808055875
AT_BV,GO:0008654,62,1,1,209,0.29665071770333695,302,0.4950727209353703
AT_BV,GO:0033218,62,1,1,209,0.29665071770333695,303,0.49343881756594665
AT_BV,GO:0046493,62,1,1,209,0.29665071770333695,304,0.4918156635607955
AT_BV,GO:0016903,62,1,1,209,0.29665071770333695,305,0.490203153188465
AT_BV,GO:0051192,62,1,1,209,0.29665071770333695,306,0.48860118209961384
AT_BV,GO:0006796,62,1,1,209,0.29665071770333695,307,0.4870096473045011
AT_BV,GO:1901607,62,1,1,209,0.29665071770333695,308,0.48542844715091504
AT_BV,GO:1901605,62,1,1,209,0.29665071770333695,309,0.4838574813025302
AT_BV,GO:1901362,62,1,1,209,0.29665071770333695,310,0.4822966507176833
AT_BV,GO:1901360,62,1,1,209,0.29665071770333695,311,0.4807458576285589
AT_BV,GO:0046483,62,1,1,209,0.29665071770333695,312,0.4792050055207751
AT_BV,GO:0018130,62,1,1,209,0.29665071770333695,313,0.47767399911336045
AT_BV,GO:0016620,62,1,1,209,0.29665071770333695,314,0.4761527443391141
AT_BV,GO:0009084,62,1,1,209,0.29665071770333695,315,0.47464114832533916
AT_BV,GO:0009064,62,1,1,209,0.29665071770333695,316,0.4731391193749425
AT_BV,GO:0008652,62,1,1,209,0.29665071770333695,317,0.4716465669478922
AT_BV,GO:0048037,62,1,1,209,0.29665071770333695,318,0.4701634016430246
AT_BV,GO:0006561,62,1,1,209,0.29665071770333695,319,0.4686895351801938
AT_BV,GO:0006520,62,1,1,209,0.29665071770333695,320,0.4672248803827557
AT_BV,GO:0004350,62,1,1,209,0.29665071770333695,321,0.46576935116037954
AT_BV,GO:1903509,62,1,1,209,0.29665071770333695,322,0.4643228624921796
AT_BV,GO:1901271,62,1,1,209,0.29665071770333695,323,0.46288533041016044
AT_BV,GO:1901269,62,1,1,209,0.29665071770333695,324,0.4614566719829686
AT_BV,GO:1901137,62,1,1,209,0.29665071770333695,325,0.46003680529994406
AT_BV,GO:1901135,62,1,1,209,0.29665071770333695,326,0.45862564945546574
AT_BV,GO:0140104,62,1,1,209,0.29665071770333695,327,0.45722312453358355
AT_BV,GO:0090407,62,1,1,209,0.29665071770333695,328,0.4558291515929324
AT_BV,GO:0072341,62,1,1,209,0.29665071770333695,329,0.45444365265192044
AT_BV,GO:0072330,62,1,1,209,0.29665071770333695,330,0.4530665506741874
AT_BV,GO:0006560,62,1,1,209,0.29665071770333695,331,0.4516977695543258
AT_BV,GO:0006793,62,1,1,209,0.29665071770333695,332,0.45033723410386095
AT_BV,GO:0009312,62,1,1,209,0.29665071770333695,333,0.44898487003748294
AT_BV,GO:0006644,62,1,1,209,0.29665071770333695,334,0.44764060395952643
AT_BV,GO:0034622,62,1,1,209,0.29665071770333695,335,0.446304363350692
AT_BV,GO:0022613,62,1,1,209,0.29665071770333695,336,0.44497607655500543
AT_BV,GO:0022607,62,1,1,209,0.29665071770333695,337,0.4436556727670084
AT_BV,GO:0015934,62,1,1,209,0.29665071770333695,338,0.442343082019177
AT_BV,GO:0042254,62,1,1,209,0.29665071770333695,339,0.4410382351695629
AT_BV,GO:0042255,62,1,1,209,0.29665071770333695,340,0.43974106388965245
AT_BV,GO:0042273,62,1,1,209,0.29665071770333695,341,0.4384515006524394
AT_BV,GO:0006664,62,1,1,209,0.29665071770333695,342,0.4371694787207071
AT_BV,GO:0044085,62,1,1,209,0.29665071770333695,343,0.43589493213551556
AT_BV,GO:0000027,62,1,1,209,0.29665071770333695,344,0.434627795704889
AT_BV,GO:0022618,62,1,1,209,0.29665071770333695,345,0.43336800499270095
AT_BV,GO:0065003,62,1,1,209,0.29665071770333695,346,0.4321154963077509
AT_BV,GO:0070925,62,1,1,209,0.29665071770333695,347,0.4308702066930312
AT_BV,GO:0071826,62,1,1,209,0.29665071770333695,348,0.42963207391517766
AT_BV,GO:0022625,62,1,1,209,0.29665071770333695,349,0.42840103645410266
AT_BV,GO:0000035,62,1,1,209,0.29665071770333695,350,0.4271770334928052
AT_BV,GO:0006643,62,1,1,209,0.29665071770333695,351,0.42596000490735564
AT_BV,GO:0006633,62,1,1,209,0.29665071770333695,352,0.42474989125705065
AT_BV,GO:0006631,62,1,1,209,0.29665071770333695,353,0.42354663377473606
AT_BV,GO:0006629,62,1,1,209,0.29665071770333695,354,0.4223501743572933
AT_BV,GO:0005975,62,1,1,209,0.29665071770333695,355,0.42116045555628684
AT_BV,GO:0000036,62,1,1,209,0.29665071770333695,356,0.4199774205687692
15_CESAIBC,GO:0009288,121,2,2,209,0.33400809716597507,357,0.4715408430578472
15_CESAIBC,GO:0005576,121,2,2,209,0.33400809716597507,358,0.47022368986494817
15_CESAIBC,GO:0042995,121,2,2,209,0.33400809716597507,359,0.4689138745728453
1_MXM,GO:0046872,39,1,2,209,0.3391148325358939,360,0.4747607655502515
1_MXM,GO:0043604,39,1,2,209,0.3391148325358939,361,0.47344563877587403
1_MXM,GO:0044271,39,1,2,209,0.3391148325358939,362,0.4721377778952777
1_MXM,GO:0016491,39,1,2,209,0.3391148325358939,363,0.47083712285975354
1_MXM,GO:0044445,39,1,2,209,0.3391148325358939,364,0.4695436142804685
1_MXM,GO:0044446,39,1,2,209,0.3391148325358939,365,0.4682571934194261
1_MXM,GO:1990904,39,1,2,209,0.3391148325358939,366,0.4669778021805752
1_MXM,GO:0044391,39,1,2,209,0.3391148325358939,367,0.46570538310106413
1_MXM,GO:0043043,39,1,2,209,0.3391148325358939,368,0.4644398793426373
1_MXM,GO:0034641,39,1,2,209,0.3391148325358939,369,0.4631812346831722
1_MXM,GO:0050789,39,1,2,209,0.3391148325358939,370,0.46192939350835277
1_MXM,GO:0032991,39,1,2,209,0.3391148325358939,371,0.4606843008034785
1_MXM,GO:0050794,39,1,2,209,0.3391148325358939,372,0.45944590214540465
1_MXM,GO:0022626,39,1,2,209,0.3391148325358939,373,0.45821414369461266
1_MXM,GO:0019843,39,1,2,209,0.3391148325358939,374,0.4569889721874078
1_MXM,GO:0010467,39,1,2,209,0.3391148325358939,375,0.4557703349282414
1_MXM,GO:0009059,39,1,2,209,0.3391148325358939,376,0.4545581797821557
1_MXM,GO:0043933,39,1,2,209,0.3391148325358939,377,0.4533524551673489
1_MXM,GO:0006412,39,1,2,209,0.3391148325358939,378,0.4521531100478585
1_MXM,GO:0005840,39,1,2,209,0.3391148325358939,379,0.4509600939263602
1_MXM,GO:0003735,39,1,2,209,0.3391148325358939,380,0.44977335683708036
1_MXM,GO:0043169,39,1,2,209,0.3391148325358939,381,0.44859284933882027
1_MXM,GO:0003723,39,1,2,209,0.3391148325358939,382,0.4474185225080904
1_MXM,GO:0055114,39,1,2,209,0.3391148325358939,383,0.44625032793235125
1_MXM,GO:0034645,39,1,2,209,0.3391148325358939,384,0.44508821770336077
1_MXM,GO:0006518,39,1,2,209,0.3391148325358939,385,0.44393214441062473
1_MXM,GO:0043603,39,1,2,209,0.3391148325358939,386,0.44278206113494956
AT_BV,GO:0006807,62,2,4,209,0.34192245366184487,387,0.44529435825728636
AT_BV,GO:1901564,62,2,4,209,0.34192245366184487,388,0.4441466923854892
8_VM,GO:0005737,18,1,5,209,0.365477275661169,389,0.47352325689776137
8_VM,GO:0005622,18,1,5,209,0.365477275661169,390,0.4723090947005876
8_VM,GO:0044444,18,1,5,209,0.365477275661169,391,0.471101143051737
8_VM,GO:0044424,18,1,5,209,0.365477275661169,392,0.469899354421503
8_VM,GO:0005829,18,1,5,209,0.365477275661169,393,0.4687036817639419
8_VM,GO:0005488,18,1,6,209,0.42146457486751054,394,0.539132349576714
8_VM,GO:0008152,18,1,6,209,0.42146457486751054,395,0.5377674575524691
AT_BV,GO:0005623,62,3,8,209,0.4401739271833739,396,0.5602213618697486
AT_BV,GO:0044464,62,3,8,209,0.4401739271833739,397,0.5588102249380867
1_MXM,GO:0044422,39,1,3,209,0.46362942930451007,398,0.5871086240439022
1_MXM,GO:0005198,39,1,3,209,0.46362942930451007,399,0.5856371738583285
1_MXM,GO:0065007,39,1,3,209,0.46362942930451007,400,0.5841730809236827
AT_BV,GO:0043228,62,2,5,209,0.46580743525719426,401,0.5854537340888427
AT_BV,GO:0044424,62,2,5,209,0.46580743525719426,402,0.5839973815164824
AT_BV,GO:0043226,62,2,5,209,0.46580743525719426,403,0.5825482565003124
AT_BV,GO:0044444,62,2,5,209,0.46580743525719426,404,0.5811063053703611
AT_BV,GO:0005737,62,2,5,209,0.46580743525719426,405,0.5796714749867307
AT_BV,GO:0005622,62,2,5,209,0.46580743525719426,406,0.5782437127330687
AT_BV,GO:0005829,62,2,5,209,0.46580743525719426,407,0.5768229665101374
AT_BV,GO:0044391,62,1,2,209,0.5063029076186393,408,0.6254330035289073
AT_BV,GO:0044271,62,1,2,209,0.5063029076186393,409,0.6239038274811594
AT_BV,GO:0044445,62,1,2,209,0.5063029076186393,410,0.6223821108287664
AT_BV,GO:0055114,62,1,2,209,0.5063029076186393,411,0.6208677991235868
AT_BV,GO:0043168,62,1,2,209,0.5063029076186393,412,0.6193608384461025
AT_BV,GO:0043933,62,1,2,209,0.5063029076186393,413,0.6178611753990174
AT_BV,GO:0022626,62,1,2,209,0.5063029076186393,414,0.6163687571009522
AT_BV,GO:0036094,62,1,2,209,0.5063029076186393,415,0.614883531180227
AT_BV,GO:1990904,62,1,2,209,0.5063029076186393,416,0.613405445768736
AT_BV,GO:0005576,62,1,2,209,0.5063029076186393,417,0.6119344494959094
AT_BV,GO:0009288,62,1,2,209,0.5063029076186393,418,0.6104704914827612
AT_BV,GO:0042995,62,1,2,209,0.5063029076186393,419,0.6090135213360244
AT_BV,GO:0044446,62,1,2,209,0.5063029076186393,420,0.6075634891423671
AT_BV,GO:0043604,62,1,2,209,0.5063029076186393,421,0.606120345462694
AT_BV,GO:0003735,62,1,2,209,0.5063029076186393,422,0.6046840413265265
AT_BV,GO:0032991,62,1,2,209,0.5063029076186393,423,0.6032545282264639
AT_BV,GO:0034641,62,1,2,209,0.5063029076186393,424,0.6018317581127222
AT_BV,GO:0034645,62,1,2,209,0.5063029076186393,425,0.6004156833877511
AT_BV,GO:0019843,62,1,2,209,0.5063029076186393,426,0.5990062569009253
AT_BV,GO:0016491,62,1,2,209,0.5063029076186393,427,0.5976034319433119
AT_BV,GO:0010467,62,1,2,209,0.5063029076186393,428,0.5962071622425098
AT_BV,GO:0043603,62,1,2,209,0.5063029076186393,429,0.5948174019575622
AT_BV,GO:0009059,62,1,2,209,0.5063029076186393,430,0.59343410567394
AT_BV,GO:0003723,62,1,2,209,0.5063029076186393,431,0.5920572283985944
AT_BV,GO:0043043,62,1,2,209,0.5063029076186393,432,0.5906867255550792
AT_BV,GO:0006518,62,1,2,209,0.5063029076186393,433,0.5893225529787395
AT_BV,GO:0006412,62,1,2,209,0.5063029076186393,434,0.5879646669119681
AT_BV,GO:0005840,62,1,2,209,0.5063029076186393,435,0.5866130239995269
AT_BV,GO:0003674,62,3,9,209,0.5306598860239609,436,0.6134233544864135
AT_BV,GO:0009987,62,3,9,209,0.5306598860239609,437,0.6120196397164217
AT_BV,GO:0005575,62,3,9,209,0.5306598860239609,438,0.6106223346029138
8_VM,GO:0009987,18,1,9,209,0.5627527030400815,439,0.6460759962009136
AT_BV,GO:0005488,62,2,6,209,0.5751177131355112,440,0.6587711986824946
15_CESAIBC,GO:0097588,121,1,1,209,0.578947368420913,441,0.6616541353381863
15_CESAIBC,GO:0001539,121,1,1,209,0.578947368420913,442,0.66015718028086
15_CESAIBC,GO:0007165,121,1,1,209,0.578947368420913,443,0.6586669834856437
15_CESAIBC,GO:0007154,121,1,1,209,0.578947368420913,444,0.657183499288604
15_CESAIBC,GO:0006928,121,1,1,209,0.578947368420913,445,0.65570668243627
15_CESAIBC,GO:0009420,121,1,1,209,0.578947368420913,446,0.6542364880810317
15_CESAIBC,GO:0023052,121,1,1,209,0.578947368420913,447,0.6527728717765999
15_CESAIBC,GO:0009421,121,1,1,209,0.578947368420913,448,0.6513157894735271
15_CESAIBC,GO:0051674,121,1,1,209,0.578947368420913,449,0.6498651975147888
15_CESAIBC,GO:0009424,121,1,1,209,0.578947368420913,450,0.6484210526314226
15_CESAIBC,GO:0040011,121,1,1,209,0.578947368420913,451,0.6469833119382264
15_CESAIBC,GO:0071973,121,1,1,209,0.578947368420913,452,0.6455519329295136
15_CESAIBC,GO:0044461,121,1,1,209,0.578947368420913,453,0.644126873474923
15_CESAIBC,GO:0044463,121,1,1,209,0.578947368420913,454,0.6427080918152867
15_CESAIBC,GO:0048870,121,1,1,209,0.578947368420913,455,0.6412955465585498
AT_BV,GO:0008150,62,3,10,209,0.6126789444302746,456,0.6771714648966194
AT_BV,GO:0016043,62,1,3,209,0.6541735343221856,457,0.7214517752699815
AT_BV,GO:0071840,62,1,3,209,0.6541735343221856,458,0.7198765530532348
AT_BV,GO:0019538,62,1,3,209,0.6541735343221856,459,0.718308194549851
AT_BV,GO:0043232,62,1,3,209,0.6541735343221856,460,0.7167466549964817
AT_BV,GO:0043229,62,1,3,209,0.6541735343221856,461,0.7151918900181813
AT_BV,GO:0044422,62,1,3,209,0.6541735343221856,462,0.7136438556242025
AT_BV,GO:0044267,62,1,3,209,0.6541735343221856,463,0.7121025082038479
AT_BV,GO:0003824,62,1,3,209,0.6541735343221856,464,0.7105678045223741
AT_BV,GO:0044260,62,1,3,209,0.6541735343221856,465,0.7090397017169496
AT_BV,GO:0003676,62,1,3,209,0.6541735343221856,466,0.7075181572926643
AT_BV,GO:0043170,62,1,3,209,0.6541735343221856,467,0.7060031291185901
AT_BV,GO:0006996,62,1,3,209,0.6541735343221856,468,0.7044945754238923
AT_BV,GO:0005198,62,1,3,209,0.6541735343221856,469,0.7029924547939905
AT_BV,GO:0043167,62,1,3,209,0.6541735343221856,470,0.7014967261667693
AT_BV,GO:1901363,62,1,4,209,0.7582572278758685,471,0.8113835304658975
AT_BV,GO:0097159,62,1,4,209,0.7582572278758685,472,0.809664497562368
6_VM,GO:0042995,106,1,2,209,0.7583271991166517,473,0.8080272903906818
6_VM,GO:0009288,106,1,2,209,0.7583271991166517,474,0.8063225914658069
11_VM,GO:0005576,106,1,2,209,0.7583271991166517,475,0.8046250702206157
6_VM,GO:0005576,106,1,2,209,0.7583271991166517,476,0.8029346814176312
11_VM,GO:0009288,106,1,2,209,0.7583271991166517,477,0.8012513801987263
11_VM,GO:0042995,106,1,2,209,0.7583271991166517,478,0.7995751220811558
15_CESAIBC,GO:0050896,121,1,2,209,0.8238866396760074,479,0.8668869862144212
15_CESAIBC,GO:0050789,121,1,2,209,0.8238866396760074,480,0.8650809716598078
15_CESAIBC,GO:0050794,121,1,2,209,0.8238866396760074,481,0.863282466521222
15_CESAIBC,GO:0051716,121,1,2,209,0.8238866396760074,482,0.8614914240595597
15_CESAIBC,GO:0043226,121,2,5,209,0.8985300431529569,483,0.9375965667683028
15_CESAIBC,GO:0043228,121,2,5,209,0.8985300431529569,484,0.9356593837791122
15_CESAIBC,GO:0051179,121,1,3,209,0.9268321304933391,485,0.9631410180796761
15_CESAIBC,GO:0044422,121,1,3,209,0.9268321304933391,486,0.9611592464375369
15_CESAIBC,GO:0005198,121,1,3,209,0.9268321304933391,487,0.9591856134879732
15_CESAIBC,GO:0065007,121,1,3,209,0.9268321304933391,488,0.9572200691980388
11_VM,GO:0043228,106,1,5,209,0.9723565071420233,489,1.0
6_VM,GO:0043228,106,1,5,209,0.9723565071420233,490,1.0
6_VM,GO:0043226,106,1,5,209,0.9723565071420233,491,0.9981011804472092
11_VM,GO:0043226,106,1,5,209,0.9723565071420233,492,0.9960725195113409
15_CESAIBC,GO:0044464,121,2,8,209,0.9894418604476272,493,1.0
15_CESAIBC,GO:0005623,121,2,8,209,0.9894418604476272,494,1.0
15_CESAIBC,GO:0005575,121,2,9,209,0.9952585040664517,495,1.0
15_CESAIBC,GO:0009987,121,2,9,209,0.9952585040664517,496,1.0
11_VM,GO:0044464,106,1,8,209,0.9969843260458638,497,1.0
6_VM,GO:0044464,106,1,8,209,0.9969843260458638,498,1.0
6_VM,GO:0005623,106,1,8,209,0.9969843260458638,499,1.0
11_VM,GO:0005623,106,1,8,209,0.9969843260458638,500,1.0
15_CESAIBC,GO:0008150,121,2,10,209,0.9979087123153395,501,1.0
6_VM,GO:0005575,106,1,9,209,0.9985746814644,502,1.0
11_VM,GO:0005575,106,1,9,209,0.9985746814644,503,1.0
15_CESAIBC,GO:0003674,121,1,9,209,0.9996755178145971,504,0.9996755178145971
