group1,group2,p,odds_ratio,p_adj
Control,3.9e1,0.025465998827436546,0.4827700286551305,0.047748747801443524
Control,3.9e2,0.01443176286369331,0.46340522043641647,0.035093063536208585
Control,3.9e3,0.07732079071669559,0.5475225988012717,0.128867984527826
Control,3.9e4,0.0012609440726698425,0.3710513161716175,0.005505280508168558
Control,3.9e5,2.2894515955765804e-8,0.1916401560842628,3.4341773933648706e-7
3.9e1,3.9e2,1,0.9601106943671492,1
3.9e1,3.9e3,0.7561524010061271,1.1342099366306109,0.810163286792279
3.9e1,3.9e4,0.3864113338123046,0.7689360111872384,0.526924546107688
3.9e1,3.9e5,0.0018350935027228526,0.39712104505978596,0.005505280508168558
3.9e2,3.9e3,0.6526118834973709,1.181364907943015,0.7530137117277356
3.9e2,3.9e4,0.4831532365377057,0.8008285205212343,0.6039415456721321
3.9e2,3.9e5,0.0016814165836195473,0.4135114967163748,0.005505280508168558
3.9e3,3.9e4,0.19589935930747146,0.6778878713501824,0.2938490389612072
3.9e3,3.9e5,2.8065838768294465e-4,0.3500928622933043,0.002104937907622085
3.9e4,3.9e5,0.016376762983564008,0.5162515866369425,0.035093063536208585
