group1,group2,p,p_adj
Control,3.9e1,0.016594273280103544,0.033321043761828095
Control,3.9e2,0.01777122333964165,0.033321043761828095
Control,3.9e3,0.033139957155148614,0.05523326192524769
Control,3.9e4,8.735600529349297e-4,0.002318970347090221
Control,3.9e5,3.1833391478386375e-10,4.775008721757956e-9
3.9e1,3.9e2,0.8221234520390475,0.9176298919158228
3.9e1,3.9e3,0.8564545657881013,0.9176298919158228
3.9e1,3.9e4,0.4362398422436021,0.5452998028045026
3.9e1,3.9e5,1.721400483182256e-4,6.45525181193346e-4
3.9e2,3.9e3,0.9377373895121335,0.9377373895121335
3.9e2,3.9e4,0.31108951418413733,0.42421297388746
3.9e2,3.9e5,2.69371164308696e-5,2.02028373231522e-4
3.9e3,3.9e4,0.28531745709404954,0.42421297388746
3.9e3,3.9e5,1.5276172767719753e-4,6.45525181193346e-4
3.9e4,3.9e5,9.275881388360885e-4,0.002318970347090221
