cepa,ID_proteina
1_MXM,AAP96373
1_MXM,AAO09477
1_MXM,CAV20250
1_MXM,BAC94954
1_MXM,CAV18990
1_MXM,CAV17302
1_MXM,BAC59321
1_MXM,BAC61011
1_MXM,BAC61474
1_MXM,BAC63044
1_MXM,BAC61477
1_MXM,BAC92891
1_MXM,BAC59023
1_MXM,BAC62626
1_MXM,BAC59340
1_MXM,BAC97591
1_MXM,BAC94943
1_MXM,BAC59657
1_MXM,BAC58283
1_MXM,CAV26662
1_MXM,BAC62910
1_MXM,BAC62910
1_MXM,CAV26662
15_CESAIBC,BAC62431
15_CESAIBC,BAC60519
15_CESAIBC,BAC62821
15_CESAIBC,BAC61899
15_CESAIBC,BAC60903
15_CESAIBC,BAC62080
15_CESAIBC,BAC61737
15_CESAIBC,BAC61575
15_CESAIBC,BAC60895
15_CESAIBC,BAC59593
15_CESAIBC,BAC62846
15_CESAIBC,BAC62796
15_CESAIBC,BAC61600
AT_BV,BAC62917
AT_BV,BAC63005 
AT_BV,BAC63003
AT_BV,BAC63001
AT_BV,BAC96128
AT_BV,BAC62026 
AT_BV,BAC96129 
AT_BV,BAC58580 
AT_BV,BAC63092
AT_BV,BAC60639
AT_BV,BAC61567 
AT_BV,BAC62959
AT_BV,BAC60277
AT_BV,BAC96127
AT_BV,BAC61730 
AT_BV,BAC62932
AT_BV,BAC62950 
AT_BV,BAC60037
AT_BV,BAC58329
AT_BV,BAC62828
AT_BV,BAC62491
AT_BV,BAC61477 
AT_BV,BAC62190 
AT_BV,BAC61436
AT_BV,BAC61406
AT_BV,BAC60057
AT_BV,BAC61561 
AT_BV,CAV20264
AT_BV,BAC59921 
AT_BV,BAC59888
AT_BV,BAC62933
AT_BV,BAC94842
3_MXM,AAP96373
8_VM,ABO88327
8_VM,ABK37213
8_VM,ABK37920
8_VM,ABK36070
8_VM,ABK38267
8_VM,ABK37802
8_VM,ABK36462
8_VM,ABK39124
8_VM,ABO90776
8_VM,ABK37335
8_VM,ABK37319
8_VM,ABK36407
8_VM,ABO91176
8_VM,ABK36433
8_VM,ABK36314
8_VM,ABK38511
8_VM,ABK36859
8_VM,ABK37728
8_VM,ABK36859
9_VM,BAC62760
10_VM,CAL09441
10_VM,nan
10_VM,nan
10_VM,nan
10_VM,nan
10_VM,nan
10_VM,AAS61714
10_VM,nan
10_VM,AAS61714
10_VM,CAL09441
10_VM,ABO12257
10_VM,ACB55644
10_VM,AAK03316
10_VM,AAP96373
13_VM,ABC32239
