series,hours,survival
Control,0,100
Control,39.7,99.5
Control,64.9,99.1
Control,88.4,98.3
Control,110.3,97.2
Control,120.2,97.3
1_MXM,0,100
1_MXM,69.9,89.7
1_MXM,79.9,82
1_MXM,120.2,82
AT_BV,0,100
AT_BV,59.8,86.6
AT_BV,100,86.6
AT_BV,120.3,86.7
15_CESAIBC,0,100
15_CESAIBC,39.5,80.3
15_CESAIBC,100.3,78.8
15_CESAIBC,120.4,78.8
3_MXM,0,100
3_MXM,100.3,88.1
3_MXM,120.3,88.1
8_VM,0,100
8_VM,79.9,86.8
8_VM,100.2,83.9
8_VM,120.2,84
CSA25-control,0,100
CSA25-control,100.3,99.3
CSA25-control,110.2,92.2
CSA25-control,120.2,92.2
